,레시피구분,레시피명,열량
0,볶음류,건새우해바라기씨볶음,100.91
1,밥류,해물볶음덮밥,662.26
2,김치류,알타리김치,20.5
3,김치류,포기김치,30.4
4,김치류,깍두기,19.0
5,무침류,과일샐러드,90.21
6,부침류,게맛살계란말이,36.46
7,밥류,열무보리비빔밥,413.7
8,면류,채식토마토파스타,292.98
9,면류,양평밀국수,317.34
10,볶음류,채식유산슬,98.69
11,조림류,새송이버섯장조림,51.72
12,국류,콩가루배추국,44.43
13,밥류,냉이 강된장비빔밥,453.3
14,밥류,버섯카레라이스,508.44
15,부침류,채소동그랑땡전,180.75
16,국류,순두부청국장찌개,83.08
17,국류,호박된장국,38.59
18,구이류,두부구이,211.7
19,부침류,두부완자전,333.3
20,밥류,봄나물비빔밥,411.42
21,조림류,매생이 표고버섯조림,76.79
22,국류,우거지숙주토장국,69.14
23,국류,메밀수제비,81.8
24,면류,들깨버섯수제비국,65.5
25,무침류,브로콜리햄샐러드,112.39
26,국류,감자옹심이국,46.46
27,국류,미역장국,14.85
28,밥류,야채볶음밥(소),257.47
29,찜류,청경채양념찜,25.8
30,밥류,나물된장비빔밥,299.02
31,국류,감자양파국,164.66
32,부침류,녹두빈대떡,219.35
33,밥류,스팸김밥,441.95
34,구이류,두부함박스테이크,359.43
35,면류,들깨수제비국,42.12
36,국류,팽이버섯유부국,97.62
37,찜류,두부선,103.81
38,국류,버섯들깨탕,126.44
39,튀김류,표고버섯탕수,232.93
40,밥류,산채비빔밥,508.65
41,국류,냉이된장국,29.45
42,국류,우거지된장국,188.28
43,국류,콩나물국,32.75
44,밥류,콩나물밥/양념장,268.25
45,무침류,저염배추겉절이,19.9
46,무침류,마늘장아찌,39.55
47,밥류,소고기고사리볶음밥,239.62
48,구이류,인도풍탄두리치킨,169.92
49,보조식,컵과일,52.8
50,보조식,식혜(설날),3.2
51,찜류,훈제오리찜,250.9
52,볶음류,호박새우젓볶음,29.13
53,부침류,호박전,113.99
54,부침류,햄전,124.9
55,김치류,피클,30.8
56,무침류,푸실리샐러드,94.19
57,무침류,파프리카잡채,49.81
58,무침류,방울토마토샐러드,93.52
59,무침류,토마토샐러드,59.48
60,구이류,탄두리치킨,105.86
61,무침류,코울슬로샐러드,98.99
62,튀김류,치즈등심돈가스,119.15
63,무침류,취나물잡채,81.92
64,무침류,참나물샐러드,32.86
65,밥류,짬뽕덮밥,338.6
66,국류,장터국밥,181.87
67,김치류,오이피클(완),27.3
68,무침류,양상추샐러드,8.85
69,무침류,양배추샐러드,13.9
70,무침류,양배추비트샐러드,25.78
71,김치류,양념깻잎지,27.86
72,무침류,아보카도두부샐러드,185.33
73,보조식,식혜,28.95
74,무침류,블루베리샐러드,34.75
75,무침류,배추겉절이,11.4
76,보조식,바나나,46.2
77,볶음류,멸치견과류볶음,109.04
78,부침류,메밀전병(완),119.1
79,부침류,한입메밀전병,152.7
80,부침류,메밀전병,241.2
81,무침류,만다린샐러드,40.05
82,김치류,마늘종장아찌,35.4
83,조림류,떡갈비조림,221.05
84,구이류,두부양념구이,77.79
85,구이류,두부구이/간장양념장,58.14
86,구이류,들기름손두부구이,95.52
87,국류,돼지국밥,119.29
88,무침류,돼지고기파프리카잡채,89.02
89,조림류,닭감자고추장조림,148.19
90,무침류,단호박샐러드,184.58
91,면류,김치수제비,236.93
92,무침류,포도연어샐러드,57.0
93,보조식,오미자주스,67.8
94,구이류,뱅어포양념구이,91.8
95,보조식,무지개떡,114.5
96,구이류,달걀말이,96.61
97,면류,라면사리,89.0
98,밥류,흑미밥,328.05
99,국류,황태해장국,71.59
100,국류,홍합탕,89.02
101,국류,홍합미역국,27.09
102,밥류,현미찹쌀밥,363.75
103,무침류,풋고추된장무침,32.95
104,무침류,콩나물잡채,102.04
105,무침류,콩나물무침,32.89
106,국류,조갯살냉이된장국,55.39
107,밥류,옥수수밥,353.3
108,밥류,쌀밥,274.2
109,보조식,수정과,89.0
110,무침류,삼색겨자냉채,251.31
111,국류,사골우거지국,176.69
112,밥류,보리밥(80g),326.8
113,밥류,보리밥(100g),368.1
114,보조식,삶은달걀,81.81
115,밥류,보리밥,400.15
116,김치류,백김치,14.8
117,김치류,배추김치,15.2
118,밥류,발아현미밥,366.4
119,보조식,떠먹는 요구르트(플레인),71.2
120,김치류,동치미,3.2
121,무침류,도라지오이무침,41.45
122,무침류,꽃맛살과일샐러드,207.85
123,무침류,꼬들단무지무침,34.85
124,밥류,기장보리밥,354.45
125,밥류,곤드레밥,432.66
126,무침류,고구마순들깨나물,62.93
127,국류,건새우근대국,59.05
128,밥류,강황밥,328.97
129,찜류,갈비만두찜,177.12
130,김치류,갓김치,12.95
131,조림류,소고기우엉채조림,95.2
132,볶음류,버섯소불고기,113.99
133,무침류,소고기잡채,96.98
134,밥류,삼색도리아,479.86
135,국류,조랭이떡국,35.24
136,구이류,함박스테이크구이,175.83
137,밥류,오므라이스,307.95
138,볶음류,오이뱃두리,38.8
139,국류,맑은육개장,47.73
140,구이류,수제함박스테이크,104.43
141,볶음류,소고기브로콜리볶음,92.33
142,죽류,소고기 누룽지채소죽,32.84
143,볶음류,소고기버섯볶음,108.59
144,죽류,소고기브로콜리죽,175.26
145,죽류,소고기버섯죽,173.42
146,볶음류,소고기채소볶음,52.73
147,밥류,양송이덮밥,499.42
148,죽류,콩나물죽,177.41
149,면류,골뱅이비빔면,379.65
150,볶음류,소고기가지볶음,74.04
151,밥류,장조림덮밥,259.7
152,찜류,소고기영양찜,146.38
153,조림류,소고기장조림,95.79
154,볶음류,소고기청경채볶음,100.13
155,죽류,건강채소죽,264.59
156,밥류,소고기주먹밥,227.16
157,볶음류,소고기당면볶음,144.1
158,부침류,연근소고기전,102.7
159,볶음류,소고기파프리카볶음,168.12
160,국류,소고기맑은국,49.82
161,국류,경상도식소고기국,79.93
162,국류,소고기무국,161.83
163,국류,소고기당면국,179.8
164,국류,얼큰소고기무국,78.95
165,국류,육개장/당면,168.47
166,국류,나주곰탕/당면사리,167.68
167,국류,곰탕,213.84
168,무침류,차돌박이파,125.45
169,무침류,우삼겹겉절이,378.29
170,면류,열무물국수,339.11
171,국류,소면설렁탕,159.47
172,국류,감자풋고추국,72.99
173,국류,소고기쑥된장국,88.49
174,국류,육개장,199.56
175,국류,한우소고기뭇국,72.57
176,밥류,소고기미역국밥,181.73
177,면류,버섯칼국수,307.83
178,면류,소고기양지쌀국수,240.1
179,국류,차돌된장찌개,148.24
180,면류,소고기쌀국수,347.79
181,국류,콩나물소고기무국,79.93
182,면류,양지쌀국수,238.29
183,국류,소고기육개장죽,344.16
184,면류,미니양지쌀국수,263.59
185,국류,차돌박이짬뽕국,139.61
186,무침류,차돌박이 샐러드,91.9
187,볶음류,차돌박이숙주볶음,252.32
188,볶음류,버섯잡채,97.96
189,볶음류,고추잡채/꽃빵,124.48
190,볶음류,소고기떡잡채,149.84
191,볶음류,맛불고기잡채,229.49
192,무침류,타이식소고기와오이샐러드,111.55
193,밥류,단풍사색덮밥,588.82
194,구이류,미니함박스테이크,260.23
195,볶음류,떡잡채,187.74
196,구이류,햄버거스테이크와김치소스,184.87
197,볶음류,언양식바싹불고기,157.16
198,볶음류,소고기뚝배기불고기,259.72
199,볶음류,국물불고기,184.91
200,볶음류,떡앤치즈,13.96
201,구이류,불고기구이,305.08
202,볶음류,소고기버섯불고기,171.79
203,국류,소고기버섯전골,87.45
204,밥류,소고기카레라이스,648.88
205,구이류,눈꽃소고기함박스테이크,264.52
206,튀김류,소고기가래떡탕수,591.1
207,튀김류,소고기브로콜리탕수,266.06
208,볶음류,소불고기떡볶음,243.75
209,볶음류,소고기우스타소스볶음,171.72
210,무침류,소고기샐러드,144.18
211,볶음류,우삼겹청경채볶음,168.87
212,국류,차돌두부된장찌개,37.62
213,구이류,함박스테이크(파인애플&amp;방울토마토 토핑),184.57
214,구이류,떡갈비구이(수제),211.05
215,밥류,소불고기브리또,431.27
216,구이류,치즈함박스테이크,187.63
217,구이류,눈꽃치즈함박스테이크,191.65
218,구이류,김치치즈함박스테이크,236.85
219,구이류,체다함박스테이크,190.73
220,볶음류,소고기채파프리카볶음,107.76
221,밥류,브리또,431.27
222,볶음류,궁중떡볶음,136.6
223,구이류,파인애플함박스테이크,179.73
224,볶음류,소고기양배추볶음,123.03
225,밥류,나물비빔밥,331.9
226,국류,떡국,144.27
227,국류,소고기미역국,58.23
228,볶음류,불고기,176.91
229,볶음류,서울식불고기&amp;당면사리,188.16
230,볶음류,파채소고기볶음,304.89
231,죽류,소고기채소죽,146.71
232,조림류,소고기마늘장조림,153.15
233,국류,설렁탕,86.28
234,찜류,소고기떡찜,106.25
235,국류,갈비탕/당면,174.18
236,찜류,단호박사태찜,185.3
237,국류,소고기달걀떡국,222.52
238,국류,소고기떡국,222.52
239,국류,달걀떡국,222.52
240,국류,사골떡국,214.02
241,국류,우거지해장국,111.13
242,국류,갈비탕,362.33
243,국류,제주도식해장국,60.94
244,찜류,궁중갈비찜,196.46
245,국류,버섯들깨매운탕,96.44
246,국류,콩나물소고기국,105.23
247,면류,쌀국수,185.22
248,국류,시래기해장국,116.66
249,국류,대파육개장,181.4
250,볶음류,숙주우엉잡채,36.59
251,튀김류,중국식어향가지볶음,88.54
252,국류,차돌박이육개장,134.92
253,볶음류,우채표고볶음,353.84
254,국류,토마소소고기스튜,341.32
255,볶음류,소불고기낙지볶음,383.39
256,볶음류,소고기셀러리볶음,205.86
257,볶음류,알감자강정,100.92
258,볶음류,우불당면볶음,404.76
259,구이류,소고기찹스테이크,272.14
260,무침류,어린이고사리나물,91.28
261,볶음류,언양식숯불불고기,347.0
262,볶음류,소불고기당면볶음,574.67
263,구이류,떡갈비구이,112.04
264,국류,소고기토란탕,106.36
265,밥류,단호박병아리콩카레라이스,426.25
266,무침류,느타리청경채부추들깨무침,37.99
267,면류,미니잔치국수,208.01
268,무침류,꼬막양념무침,57.06
269,찜류,애호박찜/양념장,24.54
270,밥류,토마토달걀볶음밥,252.82
271,국류,배추된장국,23.48
272,무침류,게살콩나물무침,30.89
273,밥류,베이컨로제리조또,334.83
274,국류,두부들?국,40.46
275,국류,두부들깨국,40.46
276,찜류,무지개달걀찜,101.81
277,면류,베이컨로제파스타,256.06
278,국류,모듬버섯국,15.68
279,부침류,해물완자전,102.03
280,부침류,완자전,79.05
281,볶음류,훈제오리피망볶음,105.15
282,볶음류,잘게자른주꾸미볶음,110.68
283,보조식,미니가래떡,180.64
284,보조식,가래떡구이,88.37
285,밥류,치킨데리야끼덮밥,317.91
286,무침류,모듬샐러드,92.2
287,조림류,돼지고기꽈리장조림,116.36
288,볶음류,어린이훈제오리야채볶음,54.69
289,조림류,가자미살무조림,115.59
290,면류,새우크림스파게티,199.4
291,국류,콩가루배춧국,14.93
292,볶음류,오리불고기,125.65
293,밥류,하이라이스,280.69
294,찜류,치즈달걀찜,71.75
295,밥류,훈제오리양파덮밥,325.12
296,무침류,게살숙주나물,19.77
297,무침류,게살당근무침,30.97
298,국류,닭백숙,73.13
299,밥류,닭살짜장밥,293.08
300,무침류,게살샐러드,63.78
301,볶음류,게살브로콜리볶음,38.77
302,무침류,게살콘샐러드,72.18
303,밥류,닭살채소볶음밥,294.31
304,볶음류,닭살부추볶음,71.09
305,국류,달래두부된장국,31.45
306,밥류,안매운김치치즈볶음밥,229.05
307,국류,무순된장국,23.63
308,볶음류,브로콜리달걀볶음,50.98
309,조림류,돼지고기장조림,87.89
310,튀김류,새송이버섯탕수/소스,97.41
311,조림류,완자조림,101.68
312,조림류,삼치데리야끼조림,116.01
313,조림류,어린이돼지고기장조림,97.99
314,보조식,우유,130.0
315,찜류,목살김치찜,126.44
316,국류,버섯장국,23.99
317,무침류,토마토치커리무침,11.34
318,부침류,맛살채소전,102.56
319,국류,두부젓국,37.06
320,밥류,안매운김치볶음밥,248.15
321,국류,한우갈비탕,77.64
322,튀김류,수제탕수육/과일소스,144.27
323,국류,돼지고기김치찌개,249.77
324,무침류,시금치무침,79.13
325,구이류,굴비구이(설날),145.7
326,국류,떡만두국(설날),199.98
327,구이류,소고기산적(설날),105.9
328,무침류,닭가슴살달걀샐러드,97.5
329,국류,가자미미역국,87.36
330,보조식,수리취떡(단오),64.0
331,부침류,새송이전(단오),74.37
332,국류,쑥애탕국(단오),138.48
333,국류,연포탕(무오일),134.2
334,국류,버섯맑은찌개,54.76
335,볶음류,잔멸치볶음,89.14
336,조림류,조기양념조림,133.04
337,밥류,버섯영양밥/양념장,232.94
338,부침류,밀전병(유두절),168.0
339,밥류,잡곡밥(소)-유두절,400.6
340,국류,소고기무국(유두절),160.86
341,볶음류,묵은지돼지불고기,140.23
342,볶음류,돼지고기불고기,297.6
343,부침류,달걀후라이,90.77
344,구이류,장어양념구이,185.03
345,국류,시래기된장국,28.37
346,국류,바지락쑥국,94.75
347,튀김류,콩고기버섯탕수육,197.28
348,면류,미니한우쌀국수,233.85
349,밥류,아주까리나물밥,434.32
350,구이류,통고구마버터구이,97.53
351,조림류,달걀장조림,160.98
352,밥류,꽁보리밥(비빔밥용),192.32
353,보조식,바게트과카몰리,73.93
354,찜류,마늘보쌈,594.7
355,찜류,교자만두찜,218.72
356,면류,닭칼국수,425.45
357,볶음류,한우버섯불고기,118.31
358,볶음류,돼지고기폭찹,110.44
359,구이류,자반고등어구이,243.45
360,볶음류,오징어돼지고기불고기,113.57
361,찜류,등갈비찜,123.03
362,국류,아욱국,41.01
363,튀김류,수제치킨가스/소스,110.07
364,무침류,근대나물무침,57.09
365,볶음류,모듬잡채,59.75
366,밥류,서리태밥,202.5
367,국류,맑은동태국,20.89
368,조림류,두부양념장조림,65.29
369,부침류,해물부추전,58.8
370,볶음류,돼지고기굴소스볶음,70.66
371,볶음류,간장오리주물럭볶음,103.06
372,밥류,오곡밥(대보름),421.45
373,찜류,중화절송편(완),188.37
374,구이류,고등어구이(중화절),295.05
375,볶음류,오리불고기&amp;무쌈(단오),195.19
376,볶음류,감자채볶음,47.69
377,국류,삼계탕(삼복),382.66
378,무침류,참나물무침,10.73
379,부침류,햄채소달걀말이,69.52
380,부침류,오징어파전(삼복),71.71
381,볶음류,견과류멸치볶음,59.44
382,볶음류,훈제오리채소볶음,113.1
383,죽류,녹두죽(삼복),92.38
384,구이류,오리훈제채소구이,95.67
385,면류,"메밀국수(온,소)-칠석",238.5
386,구이류,바싹불고기(칠석),191.71
387,국류,사골육수(그믐),14.42
388,밥류,나물비빔밥(그믐),490.07
389,조림류,오향장육,76.07
390,부침류,햄치즈달걀말이,91.73
391,밥류,밤밥(무오일),399.25
392,볶음류,셀러리오이볶음(무오일),82.44
393,찜류,돼지고기수육,103.02
394,보조식,시루떡(무오일),91.5
395,구이류,치킨스테이크,137.51
396,볶음류,무나물(무오일),35.03
397,조림류,닭다리살간장조림,100.29
398,국류,건새우무국(동지),35.05
399,튀김류,치즈볼,106.58
400,구이류,마늘떡갈비(동지),242.33
401,찜류,새우달걀찜,55.27
402,죽류,동지팥죽(동지),498.61
403,보조식,요구르트,39.0
404,밥류,찰보리밥,192.83
405,튀김류,콩고기견과류강정,85.2
406,볶음류,소불고기,119.79
407,무침류,봄동나물,16.85
408,구이류,닭다리오븐구이,84.87
409,밥류,닭고기산채비빔밥,219.34
410,튀김류,검은콩고기탕수육,273.75
411,면류,채소짬뽕,316.77
412,무침류,실곤약채소무침,19.29
413,국류,와각탕(모시조개탕),43.09
414,찜류,칠향께(닭찜),315.78
415,국류,소고기배추샤브탕,155.55
416,밥류,곤드레밥&amp;부추양념장,422.73
417,국류,우렁된장찌개,126.86
418,무침류,근대된장나물,24.8
419,부침류,늙은호박부추전,166.52
420,조림류,삼치양념조림,175.15
421,국류,콩비지찌개,120.77
422,면류,사누끼우동,202.23
423,보조식,흰우유&amp;크랜베리현미시리얼,187.8
424,무침류,참나물,21.87
425,국류,돈육짜글이찌개,221.01
426,국류,들깨감자국,111.26
427,부침류,날치알계란말이,95.31
428,구이류,삼겹살통마늘구이,239.99
429,국류,순두부백탕,97.5
430,무침류,오이지무침,27.57
431,국류,사골우거지탕,222.27
432,조림류,꽈리고추장조림,30.02
433,밥류,콩나물국밥,468.55
434,죽류,전복야채죽,371.28
435,구이류,황태구이,163.46
436,볶음류,파채불고기,293.14
437,볶음류,볼어묵조림,111.1
438,무침류,얼갈이된장나물,38.3
439,죽류,홍게죽,334.2
440,볶음류,콩불고기,210.53
441,볶음류,양송이버섯 볶음,46.13
442,국류,오징어찌개,85.39
443,무침류,맛살오이초무침,37.31
444,무침류,물파래무침,19.36
445,밥류,코코넛밀크새우그린커리,531.7
446,밥류,잡곡밥(혼합),329.7
447,무침류,가지나물,21.9
448,구이류,탄두리오븐치킨,300.18
449,무침류,깻잎순나물,56.62
450,무침류,더덕무침,69.17
451,무침류,옛날탕평채무침(중화절),101.92
452,무침류,시래기들깨무침(중화절),55.76
453,국류,호박된장찌개(중화절),40.27
454,밥류,잡곡밥(찹쌀흑미)-중화절,345.0
455,튀김류,반반치킨,280.93
456,볶음류,매콤주꾸미볶음,225.8
457,국류,양지무국,169.86
458,부침류,부추전,87.28
459,구이류,바싹불고기,180.46
460,무침류,오징어초무침,136.56
461,국류,청국장찌개,110.1
462,국류,된장찌개,88.07
463,튀김류,코다리강정,194.73
464,국류,아욱된장국,34.86
465,무침류,취나물,27.82
466,국류,부대찌개,147.14
467,국류,도토리묵채국,46.68
468,조림류,병어무조림,136.38
469,국류,짬뽕국,64.56
470,국류,시금치된장국,43.2
471,국류,영계백숙,483.86
472,국류,한우곰탕(소),127.13
473,찜류,청양풍닭찜,293.65
474,죽류,낙지김치죽,271.24
475,볶음류,소시지채소볶음,193.04
476,튀김류,도토리묵탕수육,144.45
477,보조식,골든키위주스,216.0
478,국류,양지탕,179.56
479,보조식,수제호두우유,147.2
480,국류,전복미역국,53.73
481,국류,로제부대찌개,121.65
482,튀김류,납작떡갈비버거,428.26
483,죽류,새우야채죽,364.42
484,국류,순두부찌개,117.38
485,찜류,오징어브로컬리숙회&amp;초고추장,71.15
486,국류,감자된장국,47.31
487,국류,감자탕,314.34
488,국류,달걀파국,72.19
489,국류,바지락순두부찌개,138.31
490,무침류,콜라비오징어무침,71.81
491,국류,닭개장,146.13
492,국류,미소된장국,40.66
493,면류,꼬치어묵우동,271.13
494,국류,조개순두부맑은국,53.77
495,튀김류,연근새우튀김,121.05
496,국류,어묵김치찌개,130.86
497,국류,근대된장국,83.09
498,국류,북어해장국,74.09
499,국류,소고기된장찌개,163.03
500,밥류,토마토제육덮밥,592.63
501,국류,호박명란젓찌개,63.32
502,국류,바지락미역국,31.82
503,밥류,단호박은행밥,248.31
504,면류,미나리봉골레파스타,311.62
505,무침류,귤모자반무침,91.18
506,구이류,닭다리살 스테이크,354.21
507,튀김류,베이컨치즈프라이,253.39
508,튀김류,피자돈가스,387.75
509,면류,미니홍합국수,230.73
510,보조식,초코우유,106.5
511,구이류,허브솔트 목살구이,224.41
512,튀김류,맛살야채튀김,161.52
513,볶음류,콜리플라워소고기볶음,246.56
514,면류,블랙 크림파스타,326.15
515,튀김류,바베큐 버팔로윙,222.05
516,볶음류,돼지고기춘장볶음,215.24
517,국류,토마토채소수프,55.36
518,무침류,미역오이초무침,15.23
519,조림류,호두멸치조림,132.55
520,국류,매생이떡국,154.16
521,국류,모시조개탕,10.5
522,무침류,콜라비무생채,143.93
523,밥류,톳영양밥/양념장,481.68
524,무침류,무생채,16.62
525,찜류,온두부,48.5
526,밥류,홍합밥,358.95
527,국류,조개살미역국,12.79
528,무침류,봄동배추겉절이,39.63
529,밥류,구운달걀 카레덮밥,608.03
530,볶음류,굴소스양배추볶음,34.02
531,김치류,백김치(보름),8.0
532,국류,모시조개미역국,27.28
533,무침류,황태채무말랭이무침,57.55
534,국류,황태설렁탕,77.73
535,국류,홍합살미역국,27.0
536,볶음류,청경채볶음,28.54
537,보조식,연두부&amp;흑임자드레싱,92.44
538,찜류,고기왕만두찜,218.72
539,국류,오색떡국,70.4
540,국류,매생이만두국,115.45
541,부침류,녹두전,161.31
542,찜류,오징어콩나물찜,150.88
543,구이류,참조기구이,347.4
544,조림류,뼈없는닭갈비,333.58
545,부침류,오징어김치전,286.45
546,밥류,바질새우리조또,344.75
547,볶음류,굴소스어묵채볶음,160.7
548,볶음류,새우카레볶음,391.09
549,국류,돈등뼈김치찜,309.43
550,보조식,구아바주스,100.0
551,보조식,골드키위주스,153.0
552,구이류,감자구이,55.81
553,죽류,소고기브로컬리죽,513.58
554,면류,베이컨크림스파게티,471.97
555,국류,달걀부추국,75.9
556,구이류,닭가슴살고추장스테이크,165.68
557,국류,낙지연포탕,32.92
558,튀김류,코다리떡강정,225.44
559,면류,수제비들깨국,50.12
560,볶음류,닭안심가지볶음,219.68
561,조림류,소고기메추리알조림,93.16
562,볶음류,머위대들깨볶음,63.55
563,국류,게살연두부탕,46.62
564,면류,바지락칼국수,144.39
565,볶음류,파프리카버섯볶음,18.94
566,국류,바지락살미역국,16.28
567,볶음류,오징어굴소스볶음,49.19
568,밥류,치킨마요덮밥,277.14
569,튀김류,수제탕수육/소스,93.92
570,밥류,중국식볶음밥,213.84
571,면류,미트볼스파게티,210.58
572,볶음류,시금치베이컨볶음,78.8
573,구이류,어린이삼치구이,98.25
574,국류,어린이유부국,38.16
575,부침류,채소달걀말이,53.54
576,밥류,깐풍돼지고기덮밥,281.59
577,무침류,양상추샐러드/딸기드레싱,21.88
578,무침류,숙주나물무침,7.33
579,볶음류,돼지고기사과간장소스불고기,137.57
580,구이류,순살고등어카레구이,118.89
581,밥류,햄채소볶음밥,240.38
582,튀김류,새우볼타코야끼,100.4
583,구이류,임연수살구이,98.05
584,무침류,어린이상추무침,50.39
585,국류,애호박된장국,25.41
586,볶음류,주꾸미채소볶음,63.13
587,볶음류,간장콩나물불고기,87.11
588,조림류,잔멸치호두조림,100.72
589,국류,소고기샤브국,23.56
590,국류,한우설렁탕,62.34
591,무침류,도라지유자청무침,20.98
592,국류,북어국,18.75
593,무침류,흑임자연근샐러드,26.3
594,면류,손수제비,51.55
595,볶음류,팔보채,160.65
596,무침류,청포묵양념장무침,48.0
597,볶음류,어린이돼지고기간장불고기,102.06
598,볶음류,돼지고기채소볶음,74.46
599,밥류,간장게맛살볶음밥/계란후라이,222.38
600,볶음류,닭가슴살표고버섯볶음,39.79
601,국류,시금치조갯살된장국,53.26
602,볶음류,돼지고기콩나물볶음,203.13
603,죽류,오리백숙,449.85
604,볶음류,닭가슴살버섯야채볶음,105.45
605,보조식,어린이사과주스,33.6
606,부침류,호박해물파전(소),178.13
607,보조식,수박화채,34.36
608,국류,닭곰탕,44.96
609,구이류,통마늘삼겹살떡구이,245.22
610,국류,팽이미소된장국,41.96
611,국류,배추당면국,16.71
612,무침류,꽃맛살메추리알과일샐러드,178.95
613,조림류,밤곤약조림,117.04
614,찜류,명란달걀찜,38.52
615,국류,바지락순두부김치국,30.54
616,튀김류,치킨가라아케,90.41
617,밥류,팟시금치무쌉,396.29
618,국류,북어콩나물국,26.16
619,튀김류,순살치킨,117.04
620,구이류,닭다리훈제오븐구이,193.5
621,밥류,날치알계란볶음밥,230.81
622,볶음류,토마토가지두반장볶음,262.88
623,찜류,돼지고기보쌈,120.04
624,면류,애호박닭칼국수,246.61
625,무침류,쫄면채소무침,103.28
626,조림류,시래기된장멸치지짐,74.69
627,조림류,어묵채소조림,99.89
628,구이류,콘치즈구이,120.15
629,국류,대구탕,93.88
630,무침류,쟁반메밀국수,253.22
631,밥류,잡곡밥(소),274.7
632,국류,떡만두국,289.02
633,부침류,팽이달걀말이,125.06
634,밥류,귀리수수밥,406.98
635,튀김류,파인애플탕수육,213.35
636,볶음류,쑥갓베이컨볶음,98.82
637,밥류,잡곡밥(보리),360.6
638,국류,한우알토란탕,113.79
639,볶음류,참치고추볶음,102.27
640,조림류,소고기우엉조림,111.64
641,찜류,소갈비찜,254.56
642,밥류,기장밥,193.56
643,국류,미역국,21.88
644,튀김류,탕수육,228.3
645,국류,들깨닭수제비국,56.42
646,국류,곰탕&amp;다대기양념,227.79
647,무침류,어린이배추나물,35.21
648,조림류,닭가슴살데리야끼조림,98.4
649,볶음류,콩소시지볶음,209.14
650,밥류,달걀볶음밥,294.37
651,구이류,버섯찹스테이크&amp;데리야끼소스,210.78
652,밥류,명란아보카도비빔밥,546.69
653,보조식,인절미,92.4
654,구이류,닭고기데리야끼구이,298.44
655,밥류,소라톳밥&amp;부추양념장,286.25
656,밥류,잡곡밥(차수수),358.78
657,구이류,레몬가자미구이,324.4
658,보조식,모짜렐라치즈샐러드,127.8
659,국류,브로콜리수프(완),69.2
660,구이류,햄버거스테이크(완),244.25
661,면류,로제파스타(소),124.54
662,국류,꽃게탕,26.99
663,밥류,카레라이스,282.0
664,찜류,송편(완),94.19
665,무침류,어린이과일샐러드,60.95
666,튀김류,적어튀김,96.79
667,보조식,떡(인절미떡),92.4
668,찜류,찜닭,292.42
669,볶음류,비건소시지볶음,322.2
670,밥류,취나물밥,358.96
671,죽류,녹두죽,92.38
672,무침류,사과요거트샐러드,62.79
673,튀김류,오징어튀김,43.04
674,국류,수삼갈비탕,329.73
675,부침류,동태살전,112.2
676,국류,어린이근대국,25.77
677,밥류,참치회덮밥,383.22
678,조림류,풋고추감자조림,74.34
679,볶음류,오리주물럭,217.72
680,국류,맑은된장국,14.84
681,밥류,비빔밥,482.34
682,면류,메밀비빔국수,186.59
683,튀김류,감자튀김(후렌치후라이),115.35
684,튀김류,수제등심돈가스,388.74
685,보조식,흰우유,65.0
686,조림류,미트볼채소조림,142.37
687,국류,중국식달걀탕(세계음식-중국),129.68
688,국류,시래기콩나물국,20.56
689,국류,북어콩나물해장국,63.05
690,무침류,비타민유자청무침,21.65
691,볶음류,잡채어묵볶음,109.02
692,조림류,돼지고기김치찜,198.81
693,죽류,크림치즈단호박죽,336.63
694,국류,조갯살근대국,71.39
695,구이류,타코군만두,292.35
696,튀김류,미니돈가스/소스,266.1
697,무침류,양파링절임,16.48
698,부침류,참치두부전,184.56
699,면류,탄탄면,386.51
700,볶음류,해물퓨전떡볶이,263.9
701,볶음류,양송이버섯볶음,51.17
702,무침류,꽃맛살오이무침,27.06
703,볶음류,낙지볶음&amp;소면사리,103.25
704,국류,느타리버섯개장,117.77
705,국류,근대콩나물국,19.56
706,볶음류,어묵채굴소스볶음,108.17
707,무침류,진미채고추장무침,67.12
708,볶음류,고구마닭볶음탕,172.67
709,무침류,톳콩나물무침,40.77
710,보조식,과일꿀떡샐러드,111.8
711,찜류,순살아귀콩나물찜,134.9
712,구이류,치즈타코군만두,200.95
713,튀김류,납작만두튀김&amp;야채무침,147.64
714,찜류,감자범벅,107.47
715,무침류,돈육훈제머스터드야채무침,122.62
716,볶음류,쭈삼불고기,310.57
717,구이류,씨겨자닭살채소구이,159.99
718,밥류,귀리차조밥,388.56
719,국류,돼지고기청국장찌개,77.4
720,무침류,참나물레몬무침,27.11
721,조림류,알감자떡볶음,107.84
722,밥류,도토리묵비빔밥,413.37
723,튀김류,순살파닭,233.05
724,밥류,게살달걀볶음밥,312.89
725,튀김류,돈꼬노미야끼,305.54
726,무침류,치커리오이새콤무침,33.09
727,구이류,양념치킨스테이크,248.22
728,부침류,애호박달걀전,40.41
729,튀김류,파채돈육강정,247.35
730,볶음류,치즈어묵볶음,115.5
731,밥류,야채나물비빔밥,502.47
732,무침류,꽃맛살샐러드,98.61
733,국류,시래기감자탕,73.01
734,무침류,세발오이초무침,22.9
735,볶음류,세멸치견과류볶음,96.8
736,볶음류,브로콜리새우볶음,64.85
737,무침류,실곤약골뱅이무침,38.24
738,국류,얼큰오징어찌개,71.14
739,구이류,구운채소샐러드,70.73
740,튀김류,자장떡볶이,141.31
741,조림류,표고달걀장조림,121.48
742,구이류,연어리코타샐러드,98.22
743,김치류,풋고추오이소박이,21.17
744,면류,초계냉국수,610.9
745,무침류,비빔만두,194.26
746,볶음류,대패삼겹김치볶음,213.64
747,국류,부추새우달걀국,86.5
748,부침류,깻잎육전,222.09
749,볶음류,굴소스어묵볶음,101.9
750,조림류,햄감자조림,96.75
751,무침류,참나물배무침,30.26
752,무침류,시금치고추장무침,62.21
753,찜류,보쌈(소),290.7
754,볶음류,닭다리살굴소스볶음,280.94
755,무침류,실곤약초장무침,27.59
756,무침류,꼬막도토리묵무침,82.11
757,볶음류,참치양배추볶음,79.25
758,부침류,미나리감자전,290.33
759,면류,아욱고추장수제비,102.66
760,국류,토마토스프,92.06
761,구이류,베이컨감자구이,157.41
762,밥류,훈제연어덮밥,542.91
763,국류,표고버섯들깨탕,174.18
764,볶음류,매콤까르보닭갈비,335.51
765,볶음류,소고기마파두부,208.39
766,국류,팽이버섯장국,28.14
767,국류,알탕,52.84
768,국류,황태채사골만두국,157.93
769,무침류,숙주맛살무침,33.69
770,무침류,비름고추장무침,23.93
771,무침류,오이고추된장무침,22.04
772,밥류,보리열무비빔밥,230.8
773,조림류,코다리살호박조림,174.12
774,국류,수삼삼계탕,173.87
775,볶음류,건나물볶음,42.81
776,국류,삼계탕,99.85
777,조림류,코다리단호박조림,107.76
778,무침류,꼬시래기무침,36.06
779,구이류,광양식불고기,208.18
780,국류,바지락무국,149.81
781,국류,차돌얼갈이된장국,88.37
782,튀김류,감자고로케,230.8
783,밥류,토마토카레덮밥,495.25
784,무침류,크레미 파프리카냉채,21.17
785,국류,손만둣국,292.82
786,구이류,숯불맛닭꼬치,172.65
787,국류,부추달걀국,154.4
788,무침류,연근브로콜리샐러드,181.74
789,볶음류,고추장불고기,180.61
790,국류,감자미역국,70.1
791,밥류,통영비빔밥,366.44
792,무침류,무말랭이무생채,106.18
793,무침류,알배기배추쌈/쌈장,24.0
794,찜류,보쌈,327.9
795,무침류,메밀묵/양념장,80.94
796,볶음류,비엔나소시지볶음,239.95
797,구이류,파래김구이,41.25
798,밥류,감자밥,381.2
799,찜류,미더덕콩나물찜,177.49
800,죽류,사골황태죽,472.02
801,찜류,꼬막찜,72.73
802,국류,들기름무채국,105.44
803,구이류,찹쌀연근구이,268.51
804,구이류,허브알감자구이,103.88
805,조림류,닭다리살야채볶음,243.98
806,조림류,우엉호두조림,196.07
807,볶음류,감자채양파볶음,177.66
808,찜류,블루베리단호박샐러드,105.07
809,볶음류,야채가니쉬,61.43
810,구이류,로스트 치킨,327.72
811,구이류,마늘떡갈비,256.07
812,구이류,커리 부르스트,356.4
813,죽류,삼계죽,277.45
814,볶음류,우엉잡채,99.97
815,구이류,레몬임연수구이,246.4
816,국류,홍합무국,44.14
817,무침류,세발오이무침,33.56
818,밥류,야채자장밥,367.0
819,무침류,꼬들단무지(완),12.58
820,밥류,산채비빔밥&amp;표고약고추장,607.57
821,국류,속풀이추어탕,110.52
822,국류,맑은감자국,52.7
823,무침류,청경채버섯들깨무침,34.68
824,볶음류,어묵파프리카볶음,138.48
825,무침류,느타리마늘종무침,48.83
826,무침류,느타리마늘종볶음,67.8
827,보조식,딸기과일샐러드,98.94
828,볶음류,미역줄기팽이볶음,36.77
829,조림류,갈치무우조림,185.89
830,볶음류,닭가슴살브로콜리볶음,282.13
831,보조식,샤인머스켓,79.2
832,무침류,중국식오이무침(세계음식-중국),47.08
833,조림류,동파육(세계음식-중국),394.15
834,면류,잔치국수,134.29
835,국류,연배추된장국,26.47
836,볶음류,돼지고기파채볶음,275.36
837,볶음류,주꾸미미나리볶음밥,608.83
838,무침류,쫄면무침,226.29
839,볶음류,오리버섯불고기,208.06
840,밥류,열무비빔밥,603.73
841,볶음류,새우브로콜리볶음,64.85
842,볶음류,무나물들깨볶음,38.34
843,볶음류,파래볶음(건),43.66
844,조림류,파인애플미트볼조림,219.4
845,무침류,청경채들깨무침,20.39
846,볶음류,묵은지지짐,102.15
847,무침류,콜라비생채,24.79
848,보조식,떡(아몬드인절미),118.41
849,조림류,메추리알조림,147.31
850,국류,들깨가루미역국,39.99
851,무침류,달래오이무침,27.3
852,무침류,비트양파장아찌,39.83
853,국류,황기백숙,273.49
854,볶음류,새송이파프리카볶음,100.08
855,밥류,꼬막야채비빔밥,419.03
856,구이류,레몬삼치구이,353.27
857,볶음류,새송이버섯구이,101.28
858,무침류,달래무침,38.27
859,무침류,콥샐러드,52.07
860,찜류,등갈비김치찜,294.47
861,국류,편수(유두절),248.65
862,김치류,오이소박이(유두절),18.5
863,찜류,묵은지등갈비찜,454.67
864,김치류,열무김치(완),19.2
865,밥류,잡곡밥(혼합)-절기,366.3
866,국류,건새우아욱된장국(중양절),76.97
867,볶음류,표고버섯볶음(중양절),53.93
868,찜류,송편(완)-한가위,98.77
869,찜류,찜닭(한가위),326.69
870,볶음류,궁중잡채(한가위),190.54
871,김치류,나박김치(완)-한가위,3.5
872,국류,토란탕(한가위),53.38
873,국류,버섯매운탕,97.83
874,조림류,대구양념조림,142.92
875,밥류,햅쌀밥(한가위),343.0
876,조림류,치즈불닭,480.08
877,면류,토마토해물파스타,311.24
878,국류,옥수수스프,254.07
879,면류,감자칼국수,301.08
880,밥류,후리카케김주먹밥(소),170.94
881,무침류,케이준샐러드,263.45
882,밥류,취나물영양밥,348.86
883,구이류,달걀야채말이&amp;케찹,170.74
884,볶음류,돼지고기숙주볶음,290.07
885,면류,들깨인삼칼국수,457.6
886,밥류,야채볶음밥,368.82
887,튀김류,맛감자튀김&amp;케찹,200.95
888,구이류,함박스테이크&amp;데미소스,311.19
889,죽류,소고기표고버섯죽,559.46
890,부침류,동그랑땡전,182.7
891,무침류,고추장아찌,52.38
892,조림류,참소라장조림,80.83
893,볶음류,돈불고기,389.35
894,볶음류,부들어묵야채볶음,133.56
895,구이류,훈제오리부추구이&amp;허니머스터드소스,494.86
896,무침류,부추양파무침,20.16
897,국류,김치콩나물국,67.9
898,튀김류,장어튀김&amp;칠리소스,330.41
899,조림류,가자미데리야끼조림,190.84
900,찜류,비타민D연두부&amp;양념장,42.35
901,국류,산채국,66.01
902,볶음류,몽골리안포크,437.0
903,밥류,게살볶음밥,493.1
904,밥류,뿌리채소영양밥(삼짓날),366.9
905,부침류,화전(삼짓날),246.42
906,국류,샤브샤브전골(삼짓날),331.05
907,김치류,포기김치(절기),30.4
908,무침류,옛날탕평채무침(삼짓날),106.18
909,무침류,세발나물(삼짓날),9.84
910,국류,브로콜리크림스프,153.63
911,무침류,시금치오렌지샐러드,35.47
912,밥류,굴소스야채볶음밥(소),299.82
913,국류,마크림스프,299.47
914,부침류,고추장떡,263.15
915,국류,한우곰탕,168.63
916,무침류,오징어젓쪽파무침,61.84
917,밥류,김치볶음밥&amp;달걀후라이,559.43
918,구이류,고등어구이&amp;와사비장,203.5
919,무침류,풋고추낫또무침,39.55
920,조림류,중화풍완자조림,372.2
921,찜류,한우갈비찜,415.94
922,무침류,콩나물맛살냉채,39.98
923,국류,양파스프,95.97
924,무침류,단호박견과류범벅,140.52
925,구이류,소시지(닭고기햄)구이,134.65
926,튀김류,수제치킨가스,371.5
927,구이류,옥수수콘치즈,241.34
928,무침류,충무식오징어무침,60.13
929,구이류,너비아니구이,398.05
930,볶음류,파채바싹돼지불고기,115.51
931,죽류,참소라야채죽,368.12
932,볶음류,돼지고기더덕볶음,432.2
933,면류,새우크림파스타,295.44
934,찜류,바베큐립(소),254.98
935,무침류,도토리묵야채무침,62.73
936,볶음류,닭가슴살부추볶음,242.1
937,튀김류,수제생선까스/타르타르소스,256.17
938,무침류,녹두묵야채무침,54.36
939,부침류,감자전,122.45
940,국류,대구매운탕,124.15
941,볶음류,토마토스크램블에그,176.11
942,밥류,새우야채볶음밥(소),182.16
943,볶음류,냉이닭갈비,372.28
944,밥류,더덕영양밥,320.25
945,무침류,아삭이고추된장무침,38.57
946,무침류,치커리사과생채,34.55
947,볶음류,건파래볶음,43.66
948,구이류,훈제오리채소구이/머스터드소스,292.91
949,구이류,훈제오리채소구이,279.71
950,무침류,영양부추건포도무침,27.88
951,볶음류,주꾸미돼지고기볶음,199.62
952,조림류,갈치고사리조림,172.71
953,볶음류,부산어묵파프리카볶음,113.01
954,볶음류,잡채(버섯 시금치),127.95
955,조림류,코다리간장조림(그믐),130.5
956,국류,들깨무채국(초파일),290.81
957,밥류,산나물비빔밥(초파일),380.62
958,무침류,북어채무침,124.07
959,국류,연포탕,112.66
960,부침류,육전,253.85
961,구이류,떡갈비구이(완)&amp;파채,158.94
962,국류,모듬햄부대찌개,195.56
963,밥류,시래기무밥,359.69
964,볶음류,오리불고기&amp;무쌈,222.29
965,밥류,잡곡밥(찹쌀흑미),381.3
966,조림류,모듬장조림,229.34
967,국류,토란탕,74.68
968,볶음류,파히타,105.7
969,조림류,코다리간장조림,186.44
970,볶음류,갑오징어떡볶음,176.09
971,무침류,느타리버섯볶음,51.2
972,밥류,은행영양밥,303.67
973,볶음류,훈제오리볶음,241.02
974,밥류,팔보채덮밥,413.41
975,볶음류,미트볼채소볶음,111.21
976,밥류,참치마요덮밥,408.59
977,튀김류,"정식(함박,돈가스,생선가스)",355.4
978,밥류,잡곡밥(옥수수),364.35
979,밥류,잡곡밥(현미),346.9
980,볶음류,부추잡채,147.18
981,볶음류,닭안심꽈리고추볶음,173.34
982,구이류,군만두(완),301.45
983,밥류,마파두부덮밥,435.02
984,무침류,시금치나물,49.43
985,볶음류,불낙볶음,311.17
986,국류,고추장찌개,97.89
987,찜류,돈사태떡찜,283.94
988,튀김류,생선가스(완),289.05
989,밥류,새우볶음밥,422.87
990,밥류,삼각김밥,200.51
991,볶음류,어항가지볶음,114.38
992,밥류,고추잡채덮밥,513.97
993,볶음류,닭갈비,302.3
994,국류,오징어섞어찌개,115.72
995,볶음류,돈육간장불고기,238.74
996,밥류,잡곡밥(강낭콩),377.4
997,조림류,버섯장조림,70.27
998,구이류,삼치순살구이,162.46
999,국류,바지락된장찌개,101.87
1000,부침류,호박해물파전,238.34
1001,구이류,꽁치카레구이,203.88
1002,국류,버섯육개장,259.26
1003,튀김류,깐풍기,333.46
1004,구이류,치즈퀘사디아,174.45
1005,밥류,달걀볶음밥(소),335.17
1006,볶음류,마늘돼지불고기,305.53
1007,보조식,마늘바게트과카몰리,82.03
1008,볶음류,소고기느타리볶음,112.15
1009,구이류,임연수구이,266.14
1010,볶음류,돈채유부볶음,209.57
1011,밥류,소고기국밥,566.64
1012,조림류,고등어조림,282.31
1013,무침류,오이게맛살냉채,43.77
1014,구이류,갈치순살구이,204.41
1015,조림류,병어조림,179.44
1016,밥류,잡곡밥(차조),380.0
1017,구이류,맥적구이,310.85
1018,국류,해물순두부찌개,90.66
1019,국류,동죽미역국,40.84
1020,볶음류,어묵느타리잡채,111.66
1021,국류,바지락살콩나물국,30.52
1022,밥류,차조기장밥,387.9
1023,부침류,옥수수참치동그랑땡,75.18
1024,조림류,우엉채호박씨조림,90.04
1025,국류,동태매운탕,115.04
1026,조림류,소시지알감자조림,147.36
1027,조림류,꽈리고추알감자조림,114.21
1028,무침류,꼴뚜기젓무침,36.61
1029,구이류,두부함박스테이크&amp;소스,351.57
1030,찜류,삼색달걀찜,98.75
1031,튀김류,닭봉튀김,112.41
1032,튀김류,닭봉튀김(성인),171.42
1033,국류,콩가루배추된장국,42.37
1034,구이류,단호박달걀오븐구이,127.2
1035,국류,시금치콩나물국,64.76
1036,볶음류,건새우마늘종볶음,29.69
1037,볶음류,취나물볶음,48.45
1038,부침류,감자채전,162.21
1039,부침류,맛살전,96.98
1040,조림류,연근땅콩올리고당조림,122.6
1041,무침류,양배추부추무침,105.26
1042,조림류,연근통마늘조림,52.86
1043,부침류,메밀채소전,107.6
1044,무침류,무짠지무침,93.29
1045,면류,감자들깨수제비,92.83
1046,튀김류,유린기,142.08
1047,무침류,톳나물두부무침,78.94
1048,국류,오징어두부무국,92.11
1049,무침류,다시마/젓갈쌈장,41.8
1050,밥류,시래기무밥/양념장,286.39
1051,국류,돼지고기두부김치찌개,120.1
1052,구이류,조기양념구이,129.81
1053,구이류,고등어구이,211.87
1054,무침류,치커리사과무침,33.37
1055,국류,두부새우젓찌개,36.46
1056,부침류,김달걀말이,95.2
1057,조림류,메추리알햄조림,183.76
1058,무침류,마늘종진미채무침,57.85
1059,볶음류,낙지볶음,116.45
1060,볶음류,꽈리고추멸치볶음,80.13
1061,밥류,굴소스해물볶음밥,399.25
1062,무침류,해파리겨자채무침,49.96
1063,조림류,갈치무조림,144.45
1064,무침류,도토리묵양념장,99.06
1065,부침류,파래달걀말이,142.99
1066,조림류,미트볼조림,165.72
1067,부침류,옥수수전,142.83
1068,국류,두부명란젓찌개,68.99
1069,무침류,미나리무생채,142.84
1070,밥류,울타리콩밥,257.48
1071,구이류,가자미오븐구이,134.85
1072,면류,매생이칼국수,221.66
1073,부침류,달걀당면전,146.71
1074,튀김류,연북어양념강정,229.23
1075,조림류,돼지고기새송이장조림,153.44
1076,부침류,두부전/양념장,150.93
1077,볶음류,한식잡채,160.61
1078,무침류,닭가슴살사과샐러드,92.22
1079,찜류,버섯야채달걀찜,73.95
1080,구이류,두부오븐구이/발사믹소스,123.6
1081,볶음류,돼지고기양념볶음,256.39
1082,볶음류,오삼불고기,171.65
1083,부침류,두부달걀구이,172.02
1084,국류,시래기국,61.09
1085,찜류,수육,97.0
1086,볶음류,오징어볶음,96.97
1087,조림류,알감자조림,114.74
1088,국류,무콩비지찌개,69.31
1089,튀김류,닭튀김,163.15
1090,밥류,김치볶음밥,366.59
1091,무침류,들기름막국수무침,126.57
1092,튀김류,두부탕수,107.47
1093,무침류,쪽파김무침,187.73
1094,밥류,쭈꾸미볶음덮밥,427.48
1095,무침류,동부묵양념장,93.42
1096,국류,콩나물맑은국,7.74
1097,볶음류,명엽채볶음,95.1
1098,국류,목살고추장찌개,125.36
1099,볶음류,비엔나채소볶음,88.38
1100,국류,닭곰탕/소면,181.8
1101,구이류,조기구이,142.25
1102,볶음류,두부김치,77.92
1103,볶음류,돼지고기앞다리살불고기,160.63
1104,무침류,오징어겨자냉채,86.01
1105,국류,동태알탕,96.84
1106,조림류,돼지고기달걀조림,150.9
1107,밥류,완두콩밥,280.2
1108,부침류,옛날소시지전,163.46
1109,밥류,김치볶음밥_양은도시락,348.71
1110,조림류,콩조림,92.46
1111,구이류,임연수살오븐구이,182.95
1112,볶음류,스크램블에그,115.39
1113,밥류,유부초밥,238.57
1114,튀김류,채소튀김,135.99
1115,조림류,우엉조림,43.85
1116,죽류,아욱죽,345.86
1117,무침류,오징어젓무침,45.09
1118,볶음류,멸치마늘볶음,37.24
1119,부침류,동태전,181.87
1120,볶음류,멸치볶음,55.52
1121,볶음류,비엔나토마토케첩볶음,149.28
1122,볶음류,고구마순나물볶음,89.15
1123,부침류,메밀김치전,203.91
1124,조림류,오징어무조림,164.77
1125,볶음류,돼지고기버섯불고기,225.06
1126,국류,북어채콩나물국,83.2
1127,볶음류,어묵잡채,145.9
1128,국류,조갯살미역국,29.78
1129,볶음류,베이컨달걀스크램블,164.37
1130,조림류,닭안심감자조림,125.45
1131,국류,들깨버섯탕,93.06
1132,찜류,한방보쌈,186.93
1133,조림류,감자엿장조림,146.6
1134,튀김류,닭다리훈제,96.75
1135,보조식,발효산양유요구르트,39.0
1136,튀김류,수제새우까스,111.02
1137,구이류,훈제오리구이,125.1
1138,조림류,삼치조림,168.84
1139,볶음류,햄감자채볶음,86.37
1140,국류,바지락순두부국,80.34
1141,부침류,동태깻잎전,98.54
1142,볶음류,닭볶음탕,214.84
1143,볶음류,돼지고기고추장불고기,232.87
1144,찜류,달걀채소찜,69.42
1145,조림류,꽈리고추두부조림,56.79
1146,구이류,참가자미구이,109.93
1147,밥류,감자콩밥,281.8
1148,조림류,동태조림,116.33
1149,찜류,순살안동찜닭,193.82
1150,조림류,감자양파조림,153.9
1151,구이류,임연수양념구이,119.8
1152,찜류,단호박고구마범벅찜,109.81
1153,조림류,달걀꽈리장조림,122.34
1154,구이류,갈치살구이,157.72
1155,볶음류,돈육버섯불고기,153.0
1156,무침류,꼬막무침,161.53
1157,구이류,삼치구이/와사비장,148.3
1158,무침류,도토리묵김치무침,69.22
1159,볶음류,미역줄기볶음,20.41
1160,볶음류,감자채피망볶음,84.19
1161,볶음류,베이컨숙주볶음,112.79
1162,국류,대구지리,66.25
1163,찜류,해물콩나물찜,159.51
1164,볶음류,팽이버섯양파볶음,85.63
1165,국류,수삼닭백숙,127.35
1166,구이류,삼치구이,214.95
1167,볶음류,김치돼지고기볶음,191.86
1168,국류,소고기감자국,173.39
1169,조림류,목살스테이크조림,171.39
1170,찜류,손두부찜/양념장,114.12
1171,밥류,새우살볶음밥,354.26
1172,찜류,묵은지닭찜,138.0
1173,밥류,잡곡밥,272.8
1174,밥류,곤드레무밥/양념장,289.1
1175,국류,맑은순두부탕,74.02
1176,무침류,냉이나물,39.18
1177,튀김류,가자미튀김,178.68
1178,부침류,해물동그랑땡구이,123.26
1179,구이류,된장돼지불고기,230.4
1180,구이류,삼치유자청구이,285.57
1181,조림류,자반고등어조림,238.24
1182,구이류,뱅어포구이,101.93
1183,죽류,전복닭장각백숙,375.45
1184,보조식,콩연두부&amp;흑임자드레싱,254.2
1185,볶음류,김자반,35.0
1186,보조식,백우유,130.0
1187,보조식,딸기우유,136.0
1188,볶음류,돼지고기채부추볶음,111.78
1189,밥류,보리밥1,254.2
1190,볶음류,춘천닭갈비,174.22
1191,구이류,단호박달걀치즈오븐구이,39.37
1192,국류,맑은오징어국,24.49
1193,국류,오징어뭇국,53.89
1194,보조식,어린이요구르트,45.5
1195,보조식,포도주스(완),72.0
1196,보조식,포도주스,72.0
1197,밥류,콩고기채소볶음밥,151.18
1198,튀김류,새우튀김,83.37
1199,튀김류,코다리견과류강정,75.01
1200,국류,북어달걀국,49.54
1201,부침류,두부닭가슴살동그랑땡,56.64
1202,무침류,연근흑임자샐러드,57.31
1203,밥류,누룽지탕(소),19.65
1204,보조식,요거트,57.85
1205,조림류,실곤약우엉조림,32.59
1206,조림류,곤약우엉조림,29.27
1207,무침류,어린이영양부추무침,12.17
1208,국류,버섯달걀국,38.72
1209,무침류,오징어젓갈,48.99
1210,보조식,요구르트(한국야쿠르트),42.25
1211,조림류,새송이연근조림,31.84
1212,국류,날콩가루배추된장국,42.37
1213,밥류,해물굴소스볶음밥,326.05
1214,조림류,알감자간장조림,73.12
1215,볶음류,어린이부들어묵볶음,154.66
1216,튀김류,춘권튀김,126.5
1217,면류,한우쌀국수,54.35
1218,무침류,양배추된장나물,27.96
1219,조림류,닭살데리야끼조림,87.7
1220,국류,쇠고기뭇국,64.63
1221,무침류,닭가슴살폭찹,115.15
1222,구이류,삼치카레구이,88.73
1223,밥류,돼지고기채소볶음밥,271.63
1224,볶음류,어린이감자채볶음,33.93
1225,볶음류,대구살케첩볶음,106.39
1226,밥류,참치채소볶음밥,326.71
1227,조림류,어린이연근조림,136.14
1228,국류,어린이만둣국,57.36
1229,부침류,어린이해물완자전,102.14
1230,조림류,메추리알버섯조림,83.29
1231,볶음류,호두멸치볶음,11.88
1232,밥류,해물볶음밥,239.29
1233,튀김류,두부커틀릿/소스,147.02
1234,볶음류,소세지떡볶음,84.2
1235,무침류,고구마범벅,49.11
1236,부침류,소고기육전,89.89
1237,볶음류,순살치즈닭갈비,146.27
1238,국류,한우사골만두국,80.35
1239,국류,순대국,39.71
1240,국류,사누끼우동국,88.8
1241,밥류,소고기채소볶음밥,186.53
1242,튀김류,수제채소튀김,103.93
1243,무침류,세발나물무침,15.18
1244,볶음류,국물떡볶음,99.14
1245,튀김류,김말이,79.88
1246,국류,근대국,19.66
1247,볶음류,고구마순볶음,25.5
1248,무침류,더덕사과무침,36.84
1249,찜류,돼지갈비떡찜,137.35
1250,튀김류,스코치에그,135.15
1251,구이류,군만두,126.1
1252,구이류,순살고등어자반구이,112.61
1253,국류,모시조개맑은탕,22.48
1254,밥류,보리밥(중),400.1
1255,밥류,녹두밥,419.5
1256,밥류,옥수수차조밥,352.3
1257,밥류,늘보리밥,400.6
1258,밥류,귀리현미밥,322.06
1259,밥류,동부콩밥,400.75
1260,밥류,흑미차조밥,387.81
1261,밥류,차조밥(소),249.0
1262,밥류,옥수수기장밥,388.6
1263,밥류,발아흑미찰밥,291.8
1264,국류,단호박크림스프,107.81
1265,밥류,현미수수밥,365.9
1266,밥류,찰현미밥,365.0
1267,밥류,찹쌀현미밥,395.28
1268,밥류,백미쌀밥,256.2
1269,밥류,찹쌀서리태밥,414.69
1270,밥류,발아현미쌀밥,293.8
1271,밥류,찰옥수수밥,437.4
1272,밥류,흑미찰밥,382.85
1273,밥류,귀리밥(소),331.0
1274,밥류,강황찹쌀밥,366.74
1275,보조식,꿀떡(소),63.0
1276,볶음류,미나리돼지고기볶음,209.68
1277,밥류,렌틸콩밥(소),274.15
1278,밥류,수수현미밥,395.02
1279,밥류,흑미찹쌀밥,391.29
1280,밥류,보리밥(소),290.8
1281,무침류,양념생깻잎지,30.21
1282,밥류,흑미현미밥,384.27
1283,국류,토마토채소스프,55.35
1284,밥류,보리밥(멥쌀70g/보리10g)),290.8
1285,밥류,늘보리밥(멥쌀90/늘보리10g),364.0
1286,밥류,늘보리밥(멥쌀80g/늘보리10g),327.4
1287,면류,사누끼우동(소),119.23
1288,국류,아욱양파된장국,41.46
1289,국류,콩나물김치국,23.26
1290,보조식,메론,40.0
1291,국류,팽이버섯시금치된장국,38.2
1292,보조식,배주스,63.0
1293,국류,새알심들깨미역국,67.5
1294,국류,꽃게어묵국,76.86
1295,무침류,명이나물장아찌,16.5
1296,볶음류,돈육숯불불고기,199.65
1297,조림류,콩자반,81.3
1298,구이류,단호박구이,43.06
1299,국류,팽이버섯미소된장국,31.11
1300,국류,해물토마토스튜,131.97
1301,면류,쑥갓우동,352.26
1302,국류,열무바지락된장국,37.72
1303,볶음류,야채잡채,118.45
1304,보조식,땡모반(수박주스),85.85
1305,보조식,시루떡,108.6
1306,구이류,떡꼬치,191.85
1307,보조식,절편버터구이,256.75
1308,찜류,옥수수찜,156.7
1309,밥류,누룽지튀김(중),409.6
1310,밥류,누룽지튀김(소),213.1
1311,국류,두부달걀찜,70.02
1312,밥류,새우살마파두부덮밥,374.68
1313,면류,칡냉면(물),507.75
1314,무침류,해초무우초무침,17.18
1315,볶음류,마늘종볶음,47.22
1316,무침류,마늘종지무침(완),25.51
1317,무침류,마늘종무침,45.14
1318,튀김류,미니후렌치후라이&amp;케찹,112.95
1319,밥류,수수현미밥(멥쌀100g),395.02
1320,밥류,현미찹쌀밥(멥쌀100g),401.95
1321,밥류,기장보리밥(멥쌀100g),393.85
1322,밥류,강황밥(멥쌀110g),438.91
1323,밥류,서리태밥(멥쌀100g),414.69
1324,밥류,보리밥(멥쌀100g),400.1
1325,밥류,옥수수밥(멥쌀100g),389.6
1326,밥류,녹두밥(멥쌀90g),364.6
1327,밥류,녹두밥(멥쌀80g찹쌀10g),364.3
1328,구이류,닭꼬치,207.45
1329,보조식,자두,13.0
1330,밥류,동부콩밥(멥쌀100g),400.75
1331,밥류,흑미현미밥(100g),384.27
1332,밥류,옥수수기장밥(멥쌀100g),388.6
1333,밥류,기장밥(멥쌀70g),267.0
1334,밥류,기장밥(멥쌀65g),248.7
1335,밥류,차조밥(멥쌀65g),249.0
1336,무침류,곤약채오이샐러드,90.44
1337,밥류,귀리현미밥(멥쌀85g),340.36
1338,밥류,귀리현미밥(멥쌀80g),322.06
1339,밥류,늘보리밥(멥쌀100g),400.6
1340,밥류,옥수수차조밥(멥쌀90g),352.3
1341,무침류,시금치두부들깨가루무침,63.18
1342,밥류,귀리차조밥(멥쌀100g),388.56
1343,면류,초계국수,293.18
1344,밥류,차조기장밥(멥쌀100g),387.9
1345,밥류,녹두밥(백미110g),437.8
1346,밥류,녹두밥(백미100g),401.2
1347,밥류,녹두밥(백미105g),419.5
1348,밥류,보리밥(멥쌀60g),254.2
1349,찜류,오징어군만두,197.32
1350,조림류,미트볼떡조림,201.51
1351,찜류,옥수수(찜),70.5
1352,밥류,밤밥,324.85
1353,볶음류,소고기야채떡볶음,457.8
1354,밥류,옥수수밥(소),200.7
1355,튀김류,치즈등심돈까스,404.02
1356,조림류,꽃도리탕(꽃게닭도리탕),206.61
1357,국류,감자된장찌개,33.57
1358,조림류,햄데리야끼조림,148.16
1359,구이류,옥수수치즈구이,99.3
1360,구이류,옥수수구이,99.3
1361,무침류,매콤도라지무침,42.11
1362,튀김류,불고기치즈버거,547.04
1363,밥류,강황밥(멥쌀100g),402.31
1364,국류,브로콜리양파스프,140.69
1365,국류,단호박스프,72.05
1366,찜류,아귀콩나물찜,108.47
1367,국류,두부김치찌개,71.1
1368,밥류,베이컨로제리조또(소),337.66
1369,조림류,건문어고추장조림,99.05
1370,밥류,제주고구마밥(향토-제주도),366.3
1371,볶음류,제주흑돼지불고기(향토-제주도),370.54
1372,부침류,제주고사리해물전(향토-제주도),115.41
1373,무침류,유채겉절이,26.55
1374,구이류,훈제삼겹살구이,328.09
1375,볶음류,중화풍가지볶음,64.1
1376,무침류,모듬쌈,21.25
1377,볶음류,닭순살고추장볶음,278.9
1378,조림류,미니새송이버섯장조림,51.72
1379,구이류,꽁치구이&amp;와사비장,169.1
1380,구이류,삼치구이&amp;와사비장,139.1
1381,국류,조랭이떡만두국,254.62
1382,면류,장칼국수,307.0
1383,튀김류,파닭,254.24
1384,무침류,양념고추지무침,45.36
1385,밥류,잔멸치김가루주먹밥(소),247.65
1386,국류,사골감자국,120.1
1387,무침류,포항초무침,22.02
1388,볶음류,주꾸미삼겹살볶음,319.97
1389,튀김류,방어순살강정,169.63
1390,볶음류,고구마닭볶음,432.48
1391,볶음류,명엽채땅콩볶음,163.96
1392,무침류,유채유자청겉절이(향토-제주도),26.61
1393,죽류,불낙죽,432.1
1394,조림류,돈사태단호박조림,147.68
1395,국류,연두부달걀국,70.02
1396,국류,부추제첩국,51.48
1397,국류,부추재첩국,51.48
1398,무침류,훈제연어샐러드,49.9
1399,면류,호박칼국수,270.31
1400,튀김류,콩고기강정,297.29
1401,볶음류,돈가지볶음,79.08
1402,면류,칡냉면,507.75
1403,국류,팽이미역국,23.15
1404,무침류,생크림고구마무스,138.69
1405,보조식,과일우유화채,95.3
1406,볶음류,포두부굴소스볶음,182.98
1407,튀김류,순대떡강정,251.32
1408,무침류,와사비무생채,18.43
1409,면류,우무묵콩국수,538.17
1410,튀김류,순살양념치킨,221.53
1411,무침류,양파고추장아찌,45.65
1412,보조식,채소스틱&amp;쌈장,10.77
1413,볶음류,콩나물돼지불고기,203.13
1414,조림류,연근무화과조림,63.2
1415,밥류,소고기규동,585.86
1416,튀김류,벌집감자튀김&amp;케찹,236.9
1417,튀김류,고구마크로켓&amp;케첩,100.95
1418,찜류,묵은지찜닭,149.37
1419,무침류,참치피클채소범벅,117.56
1420,국류,괴산올갱이국(향토-충청도),42.78
1421,볶음류,천안주꾸미볶음(향토-충청도),167.48
1422,튀김류,금산인삼야채튀김(향토-충청도),263.7
1423,조림류,천안호두조림(향토-충청도),215.49
1424,밥류,공주밤밥(향토-충청도),322.7
1425,국류,사골배추국,36.6
1426,국류,새우살달걀국,86.09
1427,볶음류,오리김치불고기,250.53
1428,무침류,건호박들기름무침,34.1
1429,볶음류,돌자반,175.0
1430,국류,팽이된장국,16.18
1431,죽류,소고기검은깨죽,490.26
1432,볶음류,마늘종건새우볶음,30.69
1433,볶음류,중멸치고추장볶음,55.57
1434,국류,바지락조개탕,71.46
1435,부침류,갈비완자전,194.35
1436,조림류,감자고추장조림,102.03
1437,국류,물만두달걀국,186.32
1438,국류,수제비아욱된장국,46.62
1439,국류,아브고레모노,90.42
1440,구이류,파스티치오,144.77
1441,튀김류,칼라마리,168.95
1442,구이류,삼치살엿장구이,243.87
1443,무침류,미나리숙주무침,16.5
1444,국류,느타리버섯국,117.76
1445,볶음류,어묵굴소스햄볶음,277.28
1446,국류,소고기느타리버섯국,68.21
1447,볶음류,닭가슴살채소볶음,200.07
1448,구이류,밀전병&amp;양파초간장,126.03
1449,부침류,애호박채전,67.01
1450,김치류,두부찜&amp;볶음김치,130.21
1451,보조식,미니백설기,98.0
1452,국류,명란젓찌개,102.42
1453,볶음류,백순대볶음,197.66
1454,부침류,감자달걀말이,126.25
1455,무침류,노각고춧가루무침,42.03
1456,국류,얼큰감자된장국,33.88
1457,찜류,치즈등갈비,141.4
1458,무침류,충무김밥&amp;오징어무침,287.97
1459,면류,계란잔치국수,208.01
1460,볶음류,매콤어묵볶음,103.9
1461,밥류,낙지비빔밥,477.61
1462,국류,곤약어묵탕,57.42
1463,튀김류,고구마야채튀김&amp;초간장,177.06
1464,무침류,콩나물당근무침,33.56
1465,튀김류,감자튀김&amp;케찹,294.3
1466,무침류,양배추적채샐러드,37.55
1467,면류,냉콩국수,672.11
1468,무침류,문어야채초무침,31.6
1469,찜류,브로콜리숙회&amp;고추장,33.9
1470,국류,상추오이냉국,17.13
1471,조림류,고구마닭도리탕,408.31
1472,무침류,열무고추장무침,37.84
1473,국류,바지락순두부백탕,78.02
1474,무침류,세발나물된장무침,25.14
1475,구이류,파래돌김&amp;양념장,19.88
1476,국류,가지냉국,26.04
1477,조림류,단호박간장조림,36.97
1478,무침류,콘샐러드,89.78
1479,찜류,찰 옥수수찜,156.7
1480,무침류,오복지김무침,23.16
1481,보조식,망고요거트스무디,124.39
1482,죽류,게살 날치알죽,254.83
1483,죽류,트러플전복죽,355.21
1484,보조식,바람떡,124.2
1485,볶음류,팽이볶음,28.83
1486,조림류,서리태땅콩조림,200.26
1487,국류,참치고추장찌개,185.19
1488,볶음류,콩나물불고기,138.73
1489,무침류,돌나물낙지초무침,82.58
1490,조림류,연근곤약조림,51.9
1491,국류,고추장어묵국,65.56
1492,찜류,매운돼지갈비찜,140.49
1493,국류,브로콜리스프,154.89
1494,무침류,"삼색나물무침(고사리,콩나물,시금치)",74.09
1495,구이류,데리야끼닭꼬치,100.8
1496,보조식,흰우유&amp;아몬드시리얼,179.1
1497,구이류,양파베이컨구이,109.77
1498,면류,삼색수제비국,67.52
1499,구이류,목살찹스테이크,163.36
1500,볶음류,날치알스크램블에그,94.12
1501,무침류,파프리카무쌈,8.75
1502,볶음류,새송이굴소스볶음,56.71
1503,국류,새우완자탕,116.06
1504,볶음류,까르보나라떡순대,170.94
1505,볶음류,차슈가지,233.66
1506,볶음류,청경채숙주볶음,38.28
1507,국류,바지락두부탕국,53.94
1508,국류,제주몸국,64.04
1509,부침류,돌문어부침개,245.21
1510,죽류,가자미야채죽,399.16
1511,국류,연두부달걀탕,70.02
1512,밥류,게살볶음밥(소),315.55
1513,부침류,고사리전,77.93
1514,무침류,고춧잎지,18.2
1515,보조식,바나나우유,288.0
1516,국류,맑은감자양파국,51.41
1517,국류,미나리낙지연포탕,38.08
1518,볶음류,떡갈비채소볶음,254.7
1519,무침류,명란젓갈,40.64
1520,국류,팽이장국,16.18
1521,밥류,꼬막비빔밥,308.03
1522,튀김류,닭강정,337.7
1523,무침류,브로콜리검정깨무침,48.32
1524,국류,산채해장국,42.55
1525,무침류,소고기부추잡채,183.43
1526,국류,시금치두부된장국,75.2
1527,무침류,새우젓,4.0
1528,무침류,알배기배추&amp;깻잎쌈,6.85
1529,튀김류,고구마견과류맛탕,288.83
1530,찜류,중국식연두부,64.71
1531,구이류,새송이고추장구이,31.05
1532,국류,황태달걀국,97.09
1533,볶음류,어묵야채볶음,147.26
1534,조림류,미트볼양송이조림,272.95
1535,국류,북어무채국,68.63
1536,찜류,등갈비묵은지찜,308.66
1537,구이류,감자버터구이,71.29
1538,국류,얼큰동태탕,107.82
1539,구이류,두부달걀구이&amp;양념장,146.2
1540,볶음류,쥐어채볶음,110.52
1541,무침류,유부맛살샐러드,40.18
1542,국류,우유감자스프,140.84
1543,찜류,돼지고기꽈리고추조림,178.26
1544,구이류,연어스테이크,149.29
1545,무침류,버섯들깨볶음,61.54
1546,무침류,생양념깻잎지,30.21
1547,무침류,쪽파김가루무침,20.02
1548,찜류,오징어모듬야채숙회&amp;초고추장,53.15
1549,구이류,새송이떡갈비구이,213.53
1550,보조식,과일마요범벅,68.16
1551,무침류,해파리겨자냉채,45.54
1552,구이류,임연수카레구이,194.95
1553,볶음류,볼어묵햄볶음,190.32
1554,국류,호박새우젓국,77.59
1555,볶음류,매콤오징어볶음,308.4
1556,밥류,멕시칸볶음밥(세계음식-멕시코),449.02
1557,보조식,구아바음료(세계음식-멕시코),75.0
1558,조림류,닭날개데리야끼조림,276.07
1559,볶음류,표고버섯들깨볶음,29.42
1560,무침류,도토리묵&amp;간장양념장,33.7
1561,보조식,열대과일샐러드,68.69
1562,부침류,동태달걀전,135.34
1563,무침류,꼬시래기두부무침,57.82
1564,무침류,도라지생채,41.37
1565,국류,맑은우동국물,48.12
1566,튀김류,돈비국수(돈까스비빔국수),493.89
1567,무침류,양배추채샐러드&amp;케요소스,37.55
1568,무침류,유자단무지무침,8.74
1569,무침류,사과부추무침,28.36
1570,국류,청국장,77.4
1571,찜류,영양돈갈비찜,512.74
1572,무침류,굴무생채,27.51
1573,무침류,쌈다시마,3.6
1574,면류,베이컨크림파스타,502.5
1575,튀김류,미니햄버거,414.38
1576,찜류,감자옥수수범벅,90.61
1577,볶음류,어묵꽈리고추곤약조림,79.97
1578,보조식,닭가슴살샐러드,30.31
1579,밥류,고구마밥,358.95
1580,찜류,일식새우달걀찜,124.34
1581,볶음류,돼지고기김치볶음,295.87
1582,면류,미니어묵우동,146.69
1583,무침류,닭가슴살겨자냉채,124.02
1584,조림류,닭봉데리조림,189.61
1585,무침류,치커리오이무침,32.98
1586,밥류,가지표고밥,387.86
1587,보조식,부추양념장,18.11
1588,국류,시골된장찌개,37.27
1589,밥류,초당옥수수밥,353.6
1590,국류,콩나물냉국,21.99
1591,무침류,천사채맛살샐러드,50.6
1592,김치류,깻잎무쌈말이,14.3
1593,구이류,미니탄두리치킨,243.65
1594,국류,삼색조랭이떡국,170.8
1595,구이류,조미김구이,44.04
1596,밥류,흑미초당옥수수밥,352.7
1597,볶음류,볼어묵고추볶음,81.24
1598,무침류,애느타리버섯나물,23.73
1599,국류,꽃게된장국,101.86
1600,보조식,오렌지주스,54.0
1601,조림류,소고기달걀장조림,175.58
1602,볶음류,마늘종어묵볶음,85.15
1603,튀김류,불향 야채돈가스,291.01
1604,조림류,고등어감자조림,211.76
1605,무침류,마늘고추지무침,56.66
1606,무침류,맛살오이겨자무침,42.62
1607,국류,북어무국,68.63
1608,무침류,메밀묵야채무침,55.35
1609,죽류,두부 달걀죽,152.68
1610,부침류,모둠산적/초간장,180.68
1611,보조식,홍삼포도주스,73.5
1612,볶음류,표고버섯야채볶음,28.37
1613,볶음류,미역줄기파프리카볶음,78.85
1614,튀김류,버팔로윙,434.55
1615,무침류,상추유자청무침,38.68
1616,무침류,사과꽃맛살샐러드,125.16
1617,조림류,연근뿌리조림,58.66
1618,국류,참치우거지탕,143.14
1619,보조식,청포도주스,82.5
1620,볶음류,멸치고추장볶음,73.69
1621,무침류,오이지장아찌,21.19
1622,조림류,포계(간장치킨),298.79
1623,무침류,방풍나물무침,29.31
1624,국류,가쓰오유부국,27.41
1625,밥류,고구마밥(소),234.45
1626,조림류,미트볼야채조림,179.97
1627,무침류,상추깻잎무침,38.3
1628,볶음류,오리고추장볶음,466.83
1629,부침류,불고기완자전,311.55
1630,조림류,고기완자조림,213.18
1631,볶음류,표고버섯죽순볶음,28.54
1632,밥류,파프리카야채볶음밥,387.12
1633,구이류,닭가슴살스테이크,166.76
1634,볶음류,구운야채,15.13
1635,면류,메밀국수,245.42
1636,튀김류,매콤콩고기견과류강정,297.29
1637,튀김류,가츠오 문어볼,52.65
1638,국류,버섯고추장찌개,65.28
1639,국류,버섯된장국,61.93
1640,볶음류,프랑크소시지칠리볶음,194.46
1641,조림류,알감자꽈리고추조림,93.43
1642,국류,건새우시금치국,69.4
1643,볶음류,돼지고기주물럭,457.16
1644,면류,들깨버섯칼국수,357.68
1645,튀김류,꿔바로우,387.9
1646,구이류,청양옥수수콘치즈,101.3
1647,무침류,청경채견과류들깨무침,129.68
1648,볶음류,순대야채볶음,270.96
1649,무침류,매운가지나물,22.21
1650,밥류,소고기콩나물밥,317.32
1651,국류,팽이버섯달걀국,84.66
1652,볶음류,불닭야채볶음,336.73
1653,튀김류,갈릭감자튀김,274.28
1654,볶음류,불닭덮밥소스,251.27
1655,밥류,코코넛슈림프카레덮밥,700.51
1656,국류,북어달걀탕,99.77
1657,구이류,탄두리치킨(완),194.25
1658,튀김류,로제떡볶이,234.66
1659,무침류,버섯브로콜리들깨볶음,62.33
1660,보조식,망고라씨,176.37
1661,보조식,애플망고주스,42.0
1662,볶음류,해바라기씨파래볶음,61.33
1663,튀김류,고구마맛탕,250.45
1664,밥류,김밥볶음밥,150.6
1665,면류,미니김치말이국수,331.68
1666,튀김류,수제오징어튀김,277.87
1667,보조식,매실레몬에이드,49.99
1668,부침류,고들빼기무말랭이무침,101.5
1669,국류,순두부달걀탕,49.66
1670,튀김류,갈치튀김,115.26
1671,볶음류,마늘종베이컨볶음,64.71
1672,튀김류,연근닭봉튀김,224.58
1673,볶음류,어묵양파볶음,111.53
1674,조림류,깻잎조림,27.86
1675,국류,돼지두부김치찌개,69.59
1676,국류,청양건새우무국,33.23
1677,찜류,치즈단호박구이,52.28
1678,볶음류,햄야채볶음,153.49
1679,무침류,애호박나물,49.32
1680,조림류,연북어무조림,303.07
1681,무침류,쑥갓두부무침,53.36
1682,국류,참치짜글이,184.85
1683,부침류,분홍소시지전,161.34
1684,무침류,두릅초회,20.72
1685,구이류,더블치즈함박스테이크,284.27
1686,국류,오징어무국,73.25
1687,국류,김치수제비국,53.31
1688,볶음류,양념소불고기,495.69
1689,무침류,탕평채,47.53
1690,무침류,시금치양파무침,20.22
1691,볶음류,콩고기고추장볶음,201.93
1692,볶음류,무들깨나물,49.76
1693,찜류,돼지갈비찜,469.84
1694,부침류,감자부추전,108.47
1695,찜류,찐옥수수,173.26
1696,볶음류,낙지삼겹살볶음,332.46
1697,국류,건새우아욱국,63.72
1698,볶음류,삼색야채어묵볶음,138.81
1699,볶음류,잔멸치호두볶음,111.35
1700,조림류,닭고추장조림,425.61
1701,찜류,찐옥수수(소),86.63
1702,조림류,돈육두부조림,140.17
1703,국류,소고기감자된장국,105.55
1704,부침류,김치전,111.1
1705,국류,매콤오징어무국,59.15
1706,볶음류,양평모듬버섯볶음(향토-경기도),33.62
1707,무침류,하남부추무침(향토-경기도),27.6
1708,김치류,강화순무김치(향토-경기도),38.8
1709,국류,속풀이해장국,74.55
1710,부침류,불고기완자전(소),244.05
1711,조림류,삼치고사리조림,112.4
1712,보조식,모듬찰떡,156.1
1713,구이류,옥수수버터구이,116.39
1714,보조식,꿀그릭요거트,93.17
1715,국류,재첩미역국,38.6
1716,튀김류,맛쵸킹순살치킨,183.73
1717,밥류,간장달걀밥,486.51
1718,찜류,견과류단호박찜,60.6
1719,무침류,취나물된장무침,31.67
1720,국류,홍초콩나물국,38.92
1721,보조식,오이당근스틱&amp;쌈장,10.77
1722,튀김류,깻잎야채튀김&amp;초간장,177.06
1723,국류,근대두부된장국,92.79
1724,볶음류,감자채당근볶음,81.75
1725,찜류,오징어야채브로콜리숙회&amp;초고추장,57.62
1726,밥류,참치마요네즈덮밥,507.42
1727,국류,유부팽이장국,46.17
1728,튀김류,도라지고추장강정,34.36
1729,무침류,비름나물고추장무침,38.32
1730,김치류,총각김치,16.4
1731,면류,미나리해물파스타,387.12
1732,국류,우렁이된장찌개,100.41
1733,무침류,김가루청포묵무침,34.4
1734,볶음류,무청된장지짐,80.75
1735,국류,모시조개콩나물국,37.39
1736,볶음류,불고기양송이볶음,238.12
1737,무침류,오이지,18.0
1738,찜류,단호박찜,92.39
1739,밥류,뿌리채소은행밥,262.8
1740,찜류,온두부찜,53.99
1741,무침류,꼬시래기초무침,20.92
1742,찜류,달걀연두부찜,44.47
1743,구이류,임연수오븐구이,120.81
1744,국류,감자스프,140.84
1745,국류,사색어묵국,56.82
1746,조림류,눈꽃치즈닭갈비,399.58
1747,국류,소고기배추국,53.02
1748,튀김류,코다리갈비강정,144.17
1749,무침류,시금치된장무침,61.97
1750,국류,새알심미역국,72.0
1751,볶음류,파채오리불고기,200.43
1752,무침류,도토리묵오이무침,69.31
1753,밥류,묵은지주먹밥,201.93
1754,면류,메밀막국수,256.22
1755,튀김류,고구마강정,154.2
1756,김치류,비트물김치,18.12
1757,국류,얼큰해물순두부찌개,69.35
1758,조림류,닭데리야끼조림,170.61
1759,구이류,장각오븐데리구이,126.71
1760,찜류,왕만두찜,246.23
1761,무침류,새콤무생채,16.62
1762,국류,건새우근대된장국,26.76
1763,찜류,새싹연두부찜,67.05
1764,국류,개성조랭이떡국(향토-경기도),130.85
1765,국류,고추장짜글이,168.69
1766,김치류,파김치,19.6
1767,무침류,단무지채매콤무침,7.18
1768,부침류,치즈달걀말이,157.69
1769,무침류,더덕오이무침,41.28
1770,밥류,이천영양밥(향토-경기도),315.92
1771,죽류,소라참치죽,435.69
1772,구이류,수원갈비구이(향토-경기도),348.5
1773,찜류,간장꼬마쥐포조림,196.6
1774,무침류,부추사과무침,65.99
1775,국류,감자고추장찌개,57.0
1776,무침류,들깨고구마순나물무침,54.21
1777,조림류,감자두부조림,48.15
1778,찜류,바베큐립,491.98
1779,밥류,옥수수콩밥,325.05
1780,국류,청양참치김치찌개,63.13
1781,조림류,돼지고기파인애플조림,144.79
1782,부침류,새우맛살파전,115.71
1783,조림류,열무된장지짐,36.01
1784,볶음류,갑오징어야채볶음,196.14
1785,국류,호박두부찌개,47.06
1786,구이류,치킨데리야끼조림&amp;청양마요소스,295.21
1787,찜류,양파달걀찜,90.38
1788,국류,가쓰오탕파국,4.91
1789,국류,꽃게지리탕,85.18
1790,볶음류,들깨무나물,23.07
1791,밥류,연근흑미영양밥,424.55
1792,국류,조개맑은국,34.23
1793,조림류,메란곤약조림,92.22
1794,보조식,토마토그릭요거트,40.77
1795,국류,새우젓콩나물국,26.53
1796,조림류,돈사태새송이장조림,126.67
1797,조림류,감자카레조림,71.44
1798,무침류,새콤콩나물무침,33.67
1799,국류,소고기사골우거지탕,189.23
1800,찜류,삼겹살숙주찜,363.02
1801,무침류,유부탕평채,61.03
1802,국류,돈육콩비지찌개,92.14
1803,무침류,부추겨자무침,57.07
1804,국류,스위트콘크림스프,47.27
1805,무침류,단무지무침,10.2
1806,밥류,찹쌀녹두밥,244.46
1807,국류,닭다리백숙,241.86
1808,부침류,해물김치전,348.25
1809,무침류,오징어젓,37.87
1810,보조식,아이스홍시,39.6
1811,볶음류,양송이버섯야채볶음,33.01
1812,면류,새우튀김우동,318.0
1813,무침류,쫄면야채무침,126.24
1814,무침류,청포묵김가루무침,35.79
1815,무침류,얼갈이무침,24.1
1816,국류,등뼈감자탕,100.03
1817,무침류,무말랭이고춧잎무침,27.81
1818,볶음류,미나리삼겹살볶음,703.49
1819,볶음류,통마늘은행멸치볶음,76.23
1820,무침류,도라지오이생채,42.11
1821,조림류,생땅콩조림,184.3
1822,국류,맑은바지락국,71.46
1823,국류,꼬치어묵,94.3
1824,국류,스팸고추장짜글이,168.69
1825,튀김류,슈림프커틀릿&amp;타르타르소스,174.3
1826,볶음류,흑임자감자채볶음,62.81
1827,무침류,더덕고추장무침,39.88
1828,국류,미역오이냉국,18.4
1829,구이류,삼치고추장양념구이,192.17
1830,부침류,보리새우부추전&amp;초간장,79.12
1831,찜류,달래달걀찜,99.49
1832,부침류,해물파전,169.21
1833,무침류,절임고추지무침,51.56
1834,무침류,해초샐러드,17.18
1835,밥류,후리카케밥,349.83
1836,볶음류,돼지고기자장볶음,200.72
1837,무침류,맛살겨자냉채,39.48
1838,밥류,클로렐라밥,300.9
1839,부침류,베이컨오꼬노미야끼,140.49
1840,튀김류,메추리알떡볶이,214.57
1841,부침류,오꼬노미야끼,98.67
1842,무침류,레몬무생채,11.26
1843,조림류,멸치꽈리조림,72.13
1844,밥류,배추나물밥&amp;양념장,310.21
1845,국류,스팸부대찌개,131.09
1846,찜류,로제찜닭,277.71
1847,무침류,느타리버섯들깨볶음,47.33
1848,무침류,오이도라지무침,41.37
1849,김치류,고들빼기,44.0
1850,국류,당근크림스프,89.58
1851,보조식,망고요거트,78.05
1852,조림류,닭감자조림,340.41
1853,국류,배추콩나물된장국,30.37
1854,면류,미니물냉면&amp;배토핑,405.75
1855,국류,참치미역국,80.05
1856,볶음류,돼지고기간장불고기,181.08
1857,무침류,브로콜리미역초무침,32.18
1858,보조식,꿀떡,147.0
1859,무침류,충무식어묵무침,60.11
1860,국류,초당순두부찌개,159.91
1861,구이류,더덕구이,33.73
1862,볶음류,홍쇼두부,178.0
1863,튀김류,돈가스&amp;카레소스,227.55
1864,튀김류,떡볶이,156.17
1865,밥류,오야코동,625.15
1866,볶음류,비엔나파프리카볶음,200.46
1867,보조식,연두부,50.0
1868,국류,설렁탕&amp;소면사리,231.75
1869,면류,소면사리(소),74.0
1870,죽류,새우살바지락죽,411.41
1871,국류,미역된장국,16.84
1872,찜류,닭가슴살고구마롤,163.98
1873,국류,대구곤이탕,77.03
1874,튀김류,새송이버섯탕수육,141.6
1875,밥류,낙지강황비빔밥,368.69
1876,볶음류,꽈리고추 쥐포채,215.5
1877,찜류,코다리콩나물찜,190.13
1878,무침류,적양파고구마샐러드,108.71
1879,튀김류,옥수수빠스,82.74
1880,조림류,연근견과류조림,111.15
1881,무침류,들기름막국수,184.14
1882,김치류,알타리,24.6
1883,밥류,찰흑미밥,328.45
1884,국류,냉도토리묵국,46.66
1885,볶음류,돈육주꾸미볶음,286.12
1886,볶음류,돈육주꾸미볶음&amp;김가루,353.47
1887,김치류,깻잎무쌈,34.75
1888,무침류,콩나물무생채,25.35
1889,국류,돈까스김치나베,281.33
1890,볶음류,브로컬리스크램블에그,84.39
1891,조림류,건새우무조림,121.63
1892,국류,들깨새알심미역국,75.1
1893,구이류,와인숙성삼겹살구이,262.52
1894,무침류,쌈배추파인애플샐러드,11.05
1895,밥류,흑미더덕비빔밥,444.84
1896,국류,다시마무채국,17.64
1897,튀김류,모듬버섯탕수육,320.18
1898,무침류,연근들깨샐러드,149.96
1899,무침류,원추리된장무침,54.09
1900,국류,바지락콩나물국,14.54
1901,볶음류,버섯파프리카볶음,50.13
1902,찜류,오징어파프리카숙회,49.32
1903,무침류,숙주나물,21.49
1904,밥류,햄야채볶음밥,392.57
1905,면류,로제파스타,350.22
1906,밥류,햄야채볶음밥(소),210.11
1907,조림류,토마토미트볼조림,203.34
1908,조림류,양송이조림,21.46
1909,국류,황태미역국,54.35
1910,무침류,미역오이초무침(동지),15.23
1911,무침류,참나물(그믐),21.87
1912,김치류,알타리김치(그믐),24.6
1913,보조식,인절미(그믐),69.3
1914,무침류,시금치나물(삼복),24.19
1915,죽류,오징어김치죽,424.44
1916,국류,새우달걀국,86.09
1917,조림류,메추리알어묵조림,136.35
1918,조림류,멸치아몬드볶음,133.8
1919,김치류,돌나물물김치,18.84
1920,밥류,현미기장밥,328.75
1921,튀김류,새우커틀렛,102.75
1922,보조식,조각수박(삼복),18.6
1923,국류,미소팽이장국,23.15
1924,부침류,달걀만두,75.76
1925,무침류,짜사이채무침,43.58
1926,면류,매콤수제비국,89.46
1927,무침류,훈제오리부추무침,255.48
1928,국류,매콤콩나물국,38.92
1929,튀김류,떡갈비데리야끼소스구이,168.23
1930,볶음류,파래김자반볶음,89.94
1931,찜류,등갈비바베큐폭립,300.3
1932,튀김류,마늘시즈닝감자튀김,301.28
1933,밥류,보리밥(쌀100g/보리20g),435.2
1934,밥류,참치유부초밥,539.35
1935,국류,어묵국,56.82
1936,튀김류,베이컨떡볶이,189.52
1937,무침류,참외무침(칠석),23.85
1938,김치류,열무김치(완)-칠석,19.2
1939,무침류,냉이나물무침,34.57
1940,김치류,괴동침채(동치미),4.8
1941,국류,햄김치찌개,109.14
1942,구이류,명태양념구이,120.02
1943,무침류,돌나물(설날),7.86
1944,볶음류,곤드레나물무침,24.27
1945,국류,건새우콩나물국,27.85
1946,국류,바지락냉이된장국(대보름),39.87
1947,구이류,너비아니구이(대보름),68.0
1948,조림류,콩자반(완)-초파일,81.3
1949,무침류,미나리강회(초파일),6.32
1950,무침류,취나물(단오),27.81
1951,튀김류,순살치킨까스,505.9
1952,튀김류,야채튀김,322.82
1953,무침류,가지나물(칠석),15.4
1954,찜류,연두부&amp;양념장,49.6
1955,무침류,취나물(소),22.71
1956,조림류,우엉견과류조림,132.9
1957,무침류,오색나물(대보름),102.35
1958,국류,버섯찌개,60.38
1959,튀김류,데미소스,26.63
1960,찜류,브로콜리숙회,12.8
1961,무침류,충무식오징어초무침,58.12
1962,조림류,전복달걀장조림,124.56
1963,무침류,부추게맛살냉채,37.68
1964,밥류,두릅영양밥,323.05
1965,구이류,임연수구이&amp;와사비장,179.1
1966,볶음류,우엉소고기잡채,260.32
1967,무침류,봄동나물무침,25.16
1968,국류,차돌박이달래된장국,71.05
1969,볶음류,새송이피망볶음,33.35
1970,무침류,고사리나물(소),14.72
1971,밥류,서리태보리밥,354.41
1972,무침류,오이지매콤무침,21.19
1973,보조식,수제토마토주스,50.35
1974,찜류,감자옥수수샐러드,102.98
1975,무침류,백진미채무침,68.94
1976,무침류,콩나물겨자무침,39.48
1977,보조식,또띠아구이,45.75
1978,무침류,단무지부추무침,13.1
1979,구이류,소고기산적,121.55
1980,무침류,매운콩나물무침,28.46
1981,찜류,찐고구마,141.0
1982,밥류,검정콩밥(소),215.56
1983,김치류,포기김치(완),22.2
1984,무침류,토마토치즈샐러드&amp;오리엔탈드레싱,133.9
1985,찜류,단호박찜닭,394.19
1986,국류,한우육개장,107.43
1987,구이류,갈치구이&amp;와사비장,176.1
1988,조림류,돈민찌두부조림,139.75
1989,무침류,오이부추무침,32.74
1990,볶음류,감자채카레볶음,72.1
1991,조림류,매운두부조림,141.87
1992,면류,냉우동,186.03
1993,튀김류,크림깐쇼새우,320.23
1994,무침류,꼬들단무지매콤무침,8.82
1995,무침류,오복지무침,17.02
1996,볶음류,맛살스크램블에그,98.92
1997,볶음류,파래볶음,43.66
1998,국류,얼큰새우매운탕,83.58
1999,무침류,옥수수면채소무침,94.06
2000,구이류,통마늘삼겹살구이,348.92
2001,무침류,유자청톳무침,4.96
2002,무침류,부지갱이나물장아찌,33.44
2003,국류,꽃게청국장찌개,104.58
2004,밥류,귀리수수밥(쌀100g),396.32
2005,무침류,짜사이무침,47.95
2006,무침류,짜사이(중국식오이무침),47.95
2007,무침류,달래오이양파무침,24.5
2008,조림류,임연수살양념조림,122.43
2009,국류,샤브샤브전골,219.11
2010,볶음류,경장육사&amp;꽃빵,353.46
2011,국류,유부국,119.98
2012,볶음류,셀러리오이볶음,34.4
2013,부침류,옛날도시락-분홍소시지전,109.04
2014,볶음류,옛날도시락-멸치볶음,61.54
2015,볶음류,옛날도시락-김치볶음,28.95
2016,부침류,옛날도시락-달걀프라이,77.17
2017,조림류,옛날도시락-콩자반,81.3
2018,무침류,도토리묵무침,34.92
2019,국류,홍합살무국,39.56
2020,볶음류,새우젓애호박볶음,67.35
2021,김치류,나박김치,3.5
2022,국류,오이지냉국,16.61
2023,부침류,취나물해물전,104.74
2024,무침류,사과무생채,20.32
2025,국류,훠궈순두부찌개,96.7
2026,조림류,고구마조림,92.93
2027,무침류,양파장아찌,36.15
2028,조림류,소시지알감자볶음,119.24
2029,볶음류,베이컨스크램블에그,113.52
2030,김치류,오미자 나박김치,40.6
2031,볶음류,고사리볶음,42.01
2032,무침류,진미채조림,47.03
2033,부침류,표고버섯전,148.32
2034,찜류,오징어야채브로컬리숙회&amp;초고추장,53.15
2035,무침류,취나물무침,54.09
2036,국류,얼큰김치콩나물국,46.69
2037,무침류,해파리배냉채,51.96
2038,조림류,고등어김치찜,224.59
2039,볶음류,새송이버섯튀김,96.56
2040,볶음류,닭김치찜,251.39
2041,무침류,토마토,129.7
2042,무침류,토마토매실절임,129.7
2043,무침류,상추부추양파무침,25.09
2044,조림류,두부애느타리버섯조림,106.09
2045,무침류,아삭이고추오이된장무침,16.25
2046,찜류,배추찜,39.35
2047,국류,미역팽이장국,21.31
2048,조림류,연근간장조림,22.23
2049,구이류,군고구마,58.8
2050,무침류,방풍나물된장무침,36.37
2051,무침류,배추들깨나물,21.96
2052,국류,가자미살미역국,44.25
2053,국류,얼갈이콩나물된장국,19.21
2054,국류,무들깨국,29.06
2055,구이류,장각오븐구이,240.12
2056,무침류,비타민나물,20.41
2057,무침류,미나리숙주나물,16.5
2058,찜류,달걀찜,94.25
2059,볶음류,돼지고기부추볶음,172.66
2060,국류,꽃게찌개,81.18
2061,조림류,병어시래기무조림,165.47
2062,국류,얼큰한동태알탕,125.94
2063,국류,바지락살냉이국,44.89
2064,볶음류,주꾸미돼지고기볶음&amp;김가루,237.55
2065,국류,콩가루쑥국,79.53
2066,부침류,애호박부추전,95.94
2067,국류,두부쑥갓오징어찌개,85.68
2068,무침류,버섯초무침,80.84
2069,밥류,녹차밥,336.66
2070,튀김류,봄나물야채튀김,155.52
2071,볶음류,베이컨아스파라거스볶음,100.63
2072,무침류,미역오징어초무침,80.99
2073,무침류,단배추나물무침,14.08
2074,조림류,메추리알돈육사태장조림,170.12
2075,무침류,깻잎지,27.86
2076,무침류,쪽파생무침,31.24
2077,볶음류,깻잎순들기름볶음,53.13
2078,볶음류,어묵채소볶음,111.53
2079,부침류,팽이버섯옥수수전,92.84
2080,부침류,옥수수팽이버섯전,152.16
2081,볶음류,닭고기숙주볶음,111.08
2082,국류,소고기버섯국,94.55
2083,볶음류,오징어조랭이떡볶음,181.9
2084,부침류,고구마전,130.31
2085,부침류,달걀채소전,91.49
2086,구이류,"구운채소(쥬키니,당근,완두콩)",28.77
2087,볶음류,돈육굴소스볶음,149.77
2088,구이류,목살사과소스한입스테이크,271.2
2089,국류,무맑은국,17.65
2090,구이류,돼지갈빗살구이,272.37
2091,찜류,단호박달걀찜,123.57
2092,무침류,쌈배추들깨초무침,45.24
2093,무침류,청포묵미나리무침,29.51
2094,무침류,건파래무침,70.75
2095,국류,묵은지감자탕,87.59
2096,밥류,소보로비빔밥,565.75
2097,국류,유부두부국,78.21
2098,무침류,참나물참깨무침,25.73
2099,무침류,무말랭이실파무침,55.54
2100,보조식,딸기모찌,65.44
2101,국류,해물된장찌개,112.31
2102,볶음류,돼지고기가지숙주볶음,162.23
2103,무침류,부추비트겉절이,10.96
2104,볶음류,돼지고기느타리버섯볶음,198.83
2105,튀김류,가지튀김,118.98
2106,국류,물만두&amp;초간장,123.54
2107,밥류,보리밥(쌀70g),290.8
2108,무침류,황태채무말랭이쪽파무침,72.56
2109,튀김류,깐풍가지,139.23
2110,볶음류,명엽채실고추볶음,244.31
2111,튀김류,생선가스(완)&amp;적채타르타르소스,270.98
2112,구이류,순살고등어데리야끼구이,173.6
2113,국류,시금치콩나물된장국,32.78
2114,볶음류,애느타리버섯호박볶음,56.93
2115,무침류,오이지유자청무침,11.53
2116,조림류,꽁치캔김치조림,157.96
2117,무침류,상추치커리무침,15.75
2118,무침류,콩나물표고버섯겨자채,55.57
2119,무침류,근대나물쌈장무침,29.88
2120,무침류,상추참나물무침,36.12
2121,부침류,달걀계란만두,89.04
2122,부침류,당면달걀만두,123.69
2123,구이류,참조기레몬구이,201.78
2124,무침류,청경채샐러드,27.65
2125,볶음류,오리주물럭&amp;무쌈,186.97
2126,무침류,양파비트샐러드,51.17
2127,조림류,단호박돼지고기모듬장조림,164.9
2128,무침류,영양부추크랜베리무침,18.45
2129,구이류,장어고추장구이,260.24
2130,면류,미니유부우동,152.45
2131,밥류,옥수수차조밥(쌀70),279.1
2132,무침류,양배추샐러드&amp;참깨오리엔탈드레싱,48.04
2133,무침류,해초새콤달콤무침,6.91
2134,볶음류,어묵꽈리고추볶음,81.24
2135,무침류,숙주부추무침,23.89
2136,무침류,얼갈이된장무침,38.3
2137,국류,조랭이떡감자미역국,65.86
2138,볶음류,꽈리고추어묵곤약조림,59.17
2139,튀김류,코다리떡아몬드강정,281.82
2140,무침류,청포묵채김무침,39.79
2141,무침류,도토리묵상추무침,64.55
2142,무침류,도토리묵야채들깨무침,64.55
2143,부침류,기장감자채전,143.11
2144,보조식,멘보사과,208.26
2145,국류,얼갈이꽃게찌개,98.67
2146,무침류,콜리콜리두부무침,24.7
2147,밥류,깍두기달걀볶음밥,298.8
2148,국류,홍합해장국,123.69
2149,보조식,떠먹는 요구르트(복숭아맛),114.0
2150,찜류,깻잎양념찜,17.42
2151,국류,맑은장국,10.47
2152,무침류,시금치자몽샐러드,33.97
2153,무침류,시금치들깨가루무침,42.22
2154,국류,달걀실파국,24.75
2155,무침류,톳마요무침,131.47
2156,면류,멸치튀김잔치국수,319.01
2157,무침류,상추참나물겉절이,33.34
2158,조림류,미트볼양송이케첩조림,199.8
2159,볶음류,브로컬리새우살볶음,90.28
2160,부침류,봄동배추전,48.11
2161,튀김류,달고기강정&amp;칠리소스,225.28
2162,국류,아욱두부된장국,23.24
2163,국류,아욱부추된장국,40.27
2164,튀김류,고구마튀김,137.51
2165,보조식,콩소스채소샐러드,85.53
2166,무침류,도라지강정,142.54
2167,밥류,늘보리밥(쌀90),364.0
2168,밥류,늘보리밥(쌀80g),327.4
2169,구이류,마늘고추장소스삼겹살구이,313.35
2170,무침류,실곤약잡채,62.8
2171,보조식,잣단호박식혜,48.63
2172,무침류,고사리느타리버섯들깨무침,46.04
2173,무침류,도라지무생채,45.31
2174,보조식,딸기요거트,48.6
2175,볶음류,만가닥버섯볶음,34.23
2176,볶음류,바게트샌드위치,162.27
2177,밥류,참치생야채비빔밥,350.93
2178,볶음류,토마토찹스테이크,137.99
2179,면류,삼선자장면,244.7
2180,국류,조랭이떡미역국,56.86
2181,보조식,요구르트(발효유),84.5
2182,보조식,"야채(파프리카,오이,양파)/쌈장",46.45
2183,구이류,바나나구이,97.54
2184,찜류,꽈리고추밀가루찜,35.78
2185,무침류,단감무침,45.85
2186,볶음류,훈제오리숙주볶음,226.48
2187,볶음류,양장피잡채,220.39
2188,조림류,애호박새우젓볶음,18.11
2189,무침류,파래무생채,15.88
2190,무침류,근대나물,13.26
2191,구이류,가지구이&amp;양념장,29.95
2192,찜류,온두부+김치볶음,120.1
2193,김치류,오이물김치,34.79
2194,볶음류,방울토마토시금치스크램블에그,115.52
2195,조림류,연근견과류올리고당조림,73.45
2196,밥류,찹쌀밥(소),182.4
2197,밥류,오므라이스&amp;데미소스,358.84
2198,국류,어묵무국,56.82
2199,조림류,묵은지자반고등어조림,248.56
2200,조림류,단호박갈치무조림,174.89
2201,무침류,돌나물사과양파무침,29.66
2202,부침류,치즈옥수수전,148.24
2203,조림류,새송이돼지고기사태장조림,142.69
2204,국류,얼큰닭개장,146.13
2205,국류,사골우거지콩나물국,119.69
2206,국류,순두부맑은탕,85.02
2207,국류,유부두부된장국,55.24
2208,볶음류,불낙전골,181.9
2209,부침류,베이컨말이떡꼬치,134.68
2210,무침류,시금치석류샐러드,30.77
2211,튀김류,치즈등심돈가스&amp;소스,148.92
2212,무침류,비름나물된장무침,30.55
2213,무침류,참나물오이무침,27.28
2214,볶음류,깻잎순나물볶음,46.22
2215,튀김류,코다리아몬드강정,268.22
2216,무침류,새콤달콤오이동글이무침,20.83
2217,면류,크림파스타,556.0
2218,국류,소고기배추된장국,59.65
2219,볶음류,미역새우자반,167.67
2220,국류,어묵전골,66.05
2221,무침류,고춧잎무말랭이무침,57.58
2222,보조식,영양찰떡,89.2
2223,국류,전주식매콤콩나물국,41.22
2224,무침류,톳두부무침,70.37
2225,국류,애호박감자된장찌개,102.31
2226,무침류,더덕북어채양념무침,91.03
2227,무침류,양장피,100.79
2228,무침류,캐슈너트감자샐러드,156.8
2229,밥류,찰밥,292.52
2230,구이류,고등어구이/간장겨자소스,165.6
2231,무침류,영양부추치커리무침,21.23
2232,죽류,소고기장국죽,230.3
2233,국류,감자부추수제비국,133.94
2234,면류,낙지수제비,72.66
2235,밥류,중화풍마파두부덮밥,321.18
2236,죽류,발아현미호두죽,334.48
2237,볶음류,아몬드꽈리고추볶음,65.34
2238,면류,온면&amp;양념장,304.35
2239,튀김류,뿌리채소튀김,279.95
2240,구이류,방울토마토감자치즈구이,166.26
2241,무침류,청경채사과무침,23.5
2242,국류,흑미크림수프,249.25
2243,구이류,생강소스삼치구이,168.22
2244,국류,해물청국장,96.33
2245,볶음류,닭전골,242.57
2246,조림류,곤약꽈리고추조림,24.9
2247,볶음류,우삼겹숙주나물볶음,164.2
2248,찜류,연두부달걀찜,53.64
2249,무침류,근대나물된장무침,29.88
2250,무침류,치커리무침,15.75
2251,찜류,코다리양념찜,224.12
2252,부침류,도토리묵전,85.68
2253,볶음류,느타리버섯피망볶음,45.79
2254,부침류,메밀묵전병,182.26
2255,보조식,복분자차,112.6
2256,국류,소고기우거지국,103.89
2257,부침류,두부참치동그랑땡,109.29
2258,튀김류,가자미강정,267.44
2259,무침류,고춧잎간장무침,43.56
2260,무침류,도라지마늘종고추장무침,51.66
2261,국류,두부바지락국,61.76
2262,국류,호박잎된장국,54.07
2263,무침류,영양부추오이무침,34.42
2264,무침류,건호박무침,34.07
2265,국류,보리새우무국,79.66
2266,무침류,참나물두부무침,66.7
2267,구이류,가지토마토치즈오븐구이,69.78
2268,구이류,단호박달걀오븐구이(1/4),37.5
2269,찜류,묵은지돼지고기등갈비찜,438.54
2270,찜류,돼지갈비고구마찜,284.72
2271,찜류,딤섬,168.0
2272,보조식,그래놀라요거트,94.75
2273,볶음류,꽈리고추어묵볶음,81.24
2274,무침류,참나물생채무침,27.96
2275,국류,단호박꽃게탕,85.68
2276,볶음류,멸치견과류크랜베리볶음,94.17
2277,무침류,파채콩나물상추무침,38.08
2278,무침류,콩나물상추파채무침,38.08
2279,튀김류,장어데리야끼구이,150.82
2280,무침류,치커리상추무침,34.51
2281,국류,무채콩나물국,26.88
2282,구이류,너비아니구이&amp;파채,180.37
2283,무침류,매콤콩나물무침,39.95
2284,볶음류,돈육숯불파채불고기,199.65
2285,무침류,참나물두부들깨무침,48.27
2286,면류,볶음우동,262.44
2287,튀김류,깐쇼새우,233.83
2288,보조식,검은콩우유(완),208.0
2289,보조식,백우유(완),130.0
2290,조림류,고등어김치무조림,239.99
2291,국류,모시조개시금치된장국,53.52
2292,무침류,콩나물겨자채,57.79
2293,국류,북어채감자미역국,55.0
2294,밥류,검정콩밥,414.69
2295,밥류,표고버섯콩나물밥/,249.87
2296,무침류,오이지매실청무침,11.2
2297,무침류,오이문어초무침,37.26
2298,죽류,전복미역죽,305.38
2299,보조식,짜먹는 요구르트(딸기맛),38.0
2300,보조식,짜먹는 요구르트(복숭아맛),38.0
2301,보조식,짜먹는 요구르트(포도맛),38.0
2302,부침류,메밀배추전,169.74
2303,죽류,소고기야채죽,281.63
2304,부침류,동그랑땡(채소),248.25
2305,부침류,동그랑땡(해물),93.45
2306,부침류,동그랑땡(새우),87.15
2307,무침류,흰목이버섯겨자무침,46.18
2308,보조식,수리취떡,19.2
2309,볶음류,간장조랭이떡볶음,190.06
2310,조림류,간장조랭이떡조림,190.06
2311,무침류,천사채오이샐러드,74.7
2312,무침류,들기름메밀국수무침,200.97
2313,튀김류,느타리새송이버섯탕수육,141.6
2314,무침류,도라지오이유자청무침,31.5
2315,무침류,연근들깨소스무침,89.88
2316,구이류,돼지갈비구이,240.62
2317,무침류,상추치커리겉절이,39.9
2318,부침류,바삭김치전,219.35
2319,밥류,홍미쌀밥,303.69
2320,찜류,두부찜,104.85
2321,국류,어묵쑥갓무국,90.62
2322,튀김류,꿔바로우 탕수육,210.0
2323,국류,가을추어탕,74.9
2324,국류,백짬뽕국,59.01
2325,볶음류,소고기가지청경채볶음,132.76
2326,볶음류,가지소고기청경채볶음,102.15
2327,구이류,임연수레몬즙구이,177.96
2328,무침류,돌나물사과무침,27.68
2329,무침류,맛살미역무침,29.33
2330,밥류,현미찹쌀밥(쌀 90g),365.35
2331,밥류,현미찹쌀밥(쌀 80g),328.75
2332,구이류,고갈비,164.69
2333,볶음류,맛살미역줄기볶음,51.21
2334,구이류,타워함박스테이크,234.59
2335,국류,옥수수크림수프,78.27
2336,면류,까르보나라스파게티(소),254.76
2337,면류,까르보나라스파게티,493.8
2338,무침류,과일고추장소스쫄면무침,232.42
2339,밥류,토마토비프리조또,484.43
2340,무침류,느타리버섯나물,23.73
2341,튀김류,마찹쌀튀김,243.67
2342,볶음류,가지양파볶음,29.15
2343,국류,들깨감자미역국,48.19
2344,밥류,해산물토마토스프,118.97
2345,국류,참치콩나물김치찌개,76.1
2346,무침류,방울토마토청포묵무침,45.93
2347,구이류,꽁치구이,147.08
2348,국류,열무멸치된장찌개,54.01
2349,볶음류,낙지삼겹살새우볶음,219.88
2350,무침류,더덕무생채,31.48
2351,무침류,꽃상추쪽파겉절이,18.63
2352,국류,낙지전복삼계탕,230.77
2353,찜류,단호박견과류꿀찜,90.55
2354,면류,칼칼한 수제비,65.36
2355,보조식,망고주스(완),42.0
2356,밥류,꼬막살야채비빔밥,373.81
2357,부침류,두부야채전,65.12
2358,밥류,새우초밥,188.71
2359,국류,마른새우아욱국,59.76
2360,국류,얼큰돼지등뼈감자탕,73.0
2361,조림류,임연수데리야끼조림,204.82
2362,구이류,두부구이&amp;부추양념장,135.3
2363,조림류,서리태콩자반,82.41
2364,무침류,상추양파무침,16.42
2365,국류,브로콜리감자스프,147.24
2366,보조식,바나나곡물셰이크,154.05
2367,국류,감자수제비국,124.54
2368,밥류,기장밥(소),157.2
2369,국류,차돌박이된장찌개,86.08
2370,국류,시금치감자수프,120.1
2371,조림류,일식가자미조림,131.93
2372,밥류,뿌리채소버섯영양밥,359.9
2373,무침류,토마토겉절이,112.77
2374,무침류,토마토부추무침,112.77
2375,김치류,모둠채소피클(완),53.9
2376,무침류,얼갈이겉절이,22.88
2377,볶음류,닭야채토마토구이,77.56
2378,보조식,오렌지주스(완),54.0
2379,부침류,달걀두부부침,116.61
2380,부침류,새우부추전&amp;초간장,83.88
2381,무침류,시금치들깨나물,42.22
2382,국류,왕만두국,222.52
2383,찜류,소고기감자찌개,84.43
2384,튀김류,야채튀김&amp;초간장,158.76
2385,무침류,꽃맛살메추리알샐러드,214.55
2386,국류,맑은두부장국,46.11
2387,볶음류,닭가슴살소시지볶음,193.34
2388,국류,게살달걀국,56.06
2389,무침류,단무지채무침,15.23
2390,부침류,옛날소시지전&amp;케찹,188.31
2391,무침류,청경채양파무침,15.85
2392,국류,차돌박이전골,94.34
2393,찜류,돼지고기떡찜,293.76
2394,무침류,진미채무침,65.07
2395,무침류,청양콩나물무침,23.13
2396,볶음류,어묵볶음,97.52
2397,튀김류,짜조,144.62
2398,국류,맑은어묵탕,56.82
2399,보조식,저당 요구르트,78.0
2400,보조식,떠먹는 요구르트(딸기맛),90.25
2401,보조식,떠먹는 요구르트(블루베리),90.25
2402,튀김류,장어튀김&amp;데리야끼소스,200.91
2403,찜류,차돌박이부추숙주찜,117.08
2404,밥류,돼지고기부추덮밥,458.6
2405,국류,채소미소된장국,39.27
2406,밥류,중화풍볶음밥,496.22
2407,무침류,부추오이무침,15.7
2408,국류,팽이버섯맑은국,42.86
2409,국류,바지락시금치된장국,50.2
2410,국류,소고기스프,183.9
2411,볶음류,낙지야채볶음&amp;소면사리,129.75
2412,구이류,김구이,6.96
2413,볶음류,브로콜리맛살볶음,62.03
2414,국류,들깨닭곰탕,89.35
2415,밥류,새우야채볶음밥,273.02
2416,튀김류,치즈돈까스&amp;데미소스,601.33
2417,튀김류,치즈돈가스&amp;카레소스,237.75
2418,국류,고구마수프,119.56
2419,찜류,단호박옥수수범벅,89.84
2420,김치류,모듬피클(완),30.8
2421,국류,황태콩나물해장국,73.29
2422,찜류,브로콜리숙회&amp;초고추장,33.9
2423,볶음류,소고기야채볶음,492.39
2424,무침류,배추된장나물,24.31
2425,무침류,오이고추장무침,31.99
2426,무침류,오이양파무침,31.99
2427,구이류,가자미구이&amp;와사비장,130.3
2428,볶음류,애느타리버섯볶음,21.68
2429,부침류,삼색달걀말이,128.89
2430,국류,참치김치찌개,100.95
2431,무침류,돌나물야채무침,25.19
2432,무침류,열무된장나물,36.01
2433,무침류,도라지고추장무침,34.97
2434,밥류,파인애플새우볶음밥,367.91
2435,국류,어묵매운탕,62.74
2436,무침류,양념고추지(완),21.79
2437,무침류,꽃상추겉절이,17.16
2438,밥류,곤드레나물밥,338.0
2439,밥류,혼합잡곡밥,291.63
2440,무침류,쑥갓나물,15.4
2441,국류,유부국(소),74.64
2442,튀김류,김부각,91.72
2443,부침류,달걀프라이,86.3
2444,볶음류,파프리카맛살볶음,38.12
2445,무침류,열무나물무침,25.78
2446,무침류,열무나물된장무침,25.78
2447,볶음류,양송이버섯피망볶음,45.79
2448,볶음류,미니새송이버섯볶음,34.32
2449,무침류,세발나물,4.9
2450,무침류,영양부추무침,27.6
2451,밥류,중화풍볶음밥(소),222.64
2452,볶음류,고구마순들깨볶음,18.87
2453,국류,홍게달걀국,75.95
2454,부침류,두부해물완자전,356.55
2455,볶음류,취나물들깨볶음,234.16
2456,조림류,해바라기씨멸치볶음,134.6
2457,밥류,곤드레밥/부추파프리카양념장,337.93
2458,국류,얼큰짬뽕국,64.56
2459,볶음류,미역줄기느타리볶음,24.49
2460,튀김류,찹쌀탕수육,365.1
2461,국류,유부파국,15.27
2462,찜류,단호박고구마범벅,182.62
2463,튀김류,느타리버섯탕수육,139.6
2464,면류,쟁반짜장면,562.46
2465,무침류,양파&amp;춘장,11.37
2466,국류,팽이버섯된장국,42.86
2467,부침류,모듬산적&amp;초간장.,270.68
2468,부침류,모듬산적(소)&amp;초간장,180.68
2469,부침류,모듬산적&amp;초간장,270.68
2470,면류,돈코츠라멘,651.82
2471,튀김류,왕새우튀김&amp;타르타르소스,397.75
2472,찜류,날치알달걀찜,82.25
2473,찜류,단호박꿀찜,89.48
2474,무침류,해초무침,6.91
2475,무침류,고비나물,17.3
2476,무침류,오이잡채,110.48
2477,국류,전복살미역국,26.43
2478,무침류,고구마순들깨무침,54.21
2479,볶음류,닭야채볶음탕,172.27
2480,국류,경상도식소고기무국,144.22
2481,찜류,시금치베이컨프리타타,120.69
2482,밥류,보리밥(쌀90g),364.0
2483,조림류,우엉해바라기씨조림,79.08
2484,무침류,연근들깨무침,207.91
2485,밥류,보리밥(쌀100g),400.6
2486,조림류,어슷우엉조림,48.9
2487,국류,맑은소고기무국,115.26
2488,볶음류,건파래자반,49.77
2489,국류,가을배추된장국,26.23
2490,조림류,메추리알새태장조림,199.47
2491,무침류,고춧잎무침,43.56
2492,볶음류,오리고기파채불고기,418.84
2493,무침류,도토리묵꼬막무침,62.25
2494,무침류,도토리묵꼬막야채무침,67.7
2495,조림류,돼지고기모듬장조림,163.4
2496,조림류,치즈닭갈비,423.18
2497,부침류,어묵깻잎전&amp;초간장,132.88
2498,밥류,렌틸콩밥(쌀70g),274.15
2499,국류,얼큰버섯매운탕,60.38
2500,밥류,귀리밥,367.6
2501,조림류,조기조림,97.84
2502,무침류,파무침,23.86
2503,무침류,치커리양파무침,32.2
2504,밥류,후리카케김주먹밥,349.83
2505,무침류,무말랭이미나리무침,55.56
2506,국류,설렁탕+소면사리,194.75
2507,밥류,아보카도명란비빔밥,432.21
2508,무침류,영양부추사과무침,20.56
2509,국류,미소팽이버섯된장국,42.26
2510,국류,열무된장국,44.4
2511,튀김류,단호박튀김,106.04
2512,찜류,삼겹살콩나물찜,369.09
2513,무침류,어리굴젓무생채,15.35
2514,부침류,단호박옥수수전,141.78
2515,조림류,닭다리살데리야끼야채볶음,123.23
2516,조림류,닭다리살청경채데리야끼볶음,157.27
2517,밥류,차조현미밥,358.3
2518,무침류,방풍나물,57.31
2519,국류,고사리육개장,67.3
2520,구이류,삼치데리야끼구이,128.96
2521,무침류,시금치나물무침,27.09
2522,볶음류,느타리호박볶음,16.61
2523,국류,호박된장찌개,40.27
2524,볶음류,도라지호박볶음,64.86
2525,보조식,매실청모히또,228.78
2526,볶음류,언양식불고기,469.55
2527,찜류,봉추찜닭,294.79
2528,국류,김치찌개,59.1
2529,튀김류,삼색연근튀김&amp;초간장,188.1
2530,무침류,콩나물부추무침,25.28
2531,튀김류,파채돈가스,230.91
2532,보조식,메쉬드포테이토,89.35
2533,무침류,스틱단무지,3.6
2534,무침류,풋고추꼴뚜기젓무침,48.22
2535,김치류,사과동치미,16.2
2536,밥류,찹쌀밥,219.0
2537,볶음류,브로콜리 감자볶음,93.93
2538,보조식,무지개떡(완),206.1
2539,무침류,느타리브로콜리들깨무침,43.93
2540,국류,떡만둣국,292.76
2541,구이류,새송이버섯간장버터구이,50.72
2542,찜류,전통식 김치말이 돼지고기찜,93.73
2543,김치류,섞박지,22.8
2544,무침류,고추지,37.2
2545,보조식,구운달걀,163.41
2546,무침류,삼색나물무침,112.83
2547,국류,감자양파스프,27.99
2548,찜류,크래미감자샐러드,110.82
2549,볶음류,새송이버섯볶음,16.54
2550,밥류,찰현미밥(쌀 100g),395.28
2551,조림류,고등어무양념조림,177.16
2552,국류,돼지등뼈감자탕,143.09
2553,무침류,천사채샐러드,40.6
2554,무침류,무쌈말이,8.7
2555,무침류,돌나물/초장,36.84
2556,밥류,차슈덮밥,633.35
2557,찜류,야채달걀찜,132.1
2558,조림류,두부조림,92.07
2559,보조식,야채스틱&amp;쌈장,57.65
2560,무침류,콩나물상추무침,47.79
2561,찜류,시금치프리타타,114.41
2562,밥류,렌틸콩밥,328.55
2563,볶음류,비엔나케찹볶음,143.15
2564,부침류,양파감자오믈렛,118.03
2565,조림류,오징어장조림,135.19
2566,김치류,고들빼기무침,26.4
2567,찜류,알밤사태찜,239.32
2568,볶음류,순두부스크램블에그,82.22
2569,국류,대합미역국,27.36
2570,국류,게맛살연두부국,87.67
2571,조림류,매콤감자조림,48.85
2572,국류,설렁탕(봄),194.75
2573,무침류,고사리나물,21.32
2574,밥류,발아현미밥(발아현미20g),367.0
2575,국류,수박미역냉국,23.1
2576,튀김류,깻잎고구마튀김,150.86
2577,무침류,풋고추쌈장무침,37.65
2578,보조식,경단(찹쌀경단),142.2
2579,국류,소고기아욱된장국,83.07
2580,볶음류,맛살팽이볶음,28.83
2581,국류,냉이달래된장국,44.01
2582,무침류,상추부추무침,30.67
2583,밥류,오곡찰밥,468.14
2584,김치류,묵은지쌈,56.3
2585,구이류,구이김,34.8
2586,무침류,골뱅이진미채무침,109.31
2587,국류,조개탕,41.93
2588,구이류,치킨데리야끼구이,209.6
2589,부침류,느타리버섯전,145.58
2590,튀김류,줄감자튀김&amp;케찹,223.5
2591,국류,맑은콩나물국,13.8
2592,국류,얼큰콩나물국,16.99
2593,밥류,보리현미밥,401.0
2594,국류,두부장국,68.88
2595,무침류,오이치커리무침,44.74
2596,볶음류,호박나물,47.31
2597,튀김류,오즈치즈후라이,242.29
2598,무침류,돌나물초무침,25.19
2599,밥류,잔멸치김가루주먹밥,319.64
2600,조림류,해바라기씨연근조림,69.28
2601,구이류,박대구이,136.86
2602,구이류,목살갈비소스구이,296.01
2603,국류,시원한김치콩나물국,33.82
2604,밥류,서리태흑미밥,381.66
2605,무침류,콩나물깨무침,22.38
2606,볶음류,가지들깨볶음,31.55
2607,조림류,두부버섯조림,116.19
2608,밥류,달걀버터비빔밥,334.74
2609,무침류,열무나물,20.64
2610,조림류,동태무조림,115.66
2611,무침류,상추겉절이,30.39
2612,김치류,참치김치볶음,106.51
2613,구이류,두부구이&amp;양념장,146.2
2614,김치류,사과깍두기,24.77
2615,국류,애호박고추장국,81.76
2616,밥류,새우살마파두부소스,374.68
2617,구이류,너비아니데리구이,347.95
2618,국류,유부장국,45.12
2619,무침류,숙주미나리무침,23.89
2620,볶음류,감자채파프리카볶음,91.56
2621,부침류,무채전,85.17
2622,무침류,숙주맛살겨자무침,39.48
2623,국류,유부주머니어묵국,80.61
2624,무침류,닭살겨자냉채,104.51
2625,무침류,오징어젓무생채,20.92
2626,조림류,연근조림,58.8
2627,국류,황태무국,67.89
2628,조림류,고등어김치조림,237.21
2629,볶음류,궁중떡볶이,182.22
2630,부침류,맛살옥수수전,90.49
2631,보조식,메밀식혜,56.0
2632,조림류,고등어무조림,270.31
2633,조림류,홍합살무조림,71.03
2634,국류,두부시금치된장국,68.41
2635,구이류,더덕고추장구이,77.86
2636,볶음류,더덕고추장불고기,201.23
2637,부침류,맛살달걀말이,162.78
2638,무침류,참나물상추무침,38.45
2639,밥류,병아리콩밥,330.1
2640,무침류,얼갈이크루통샐러드,546.75
2641,국류,스팸김치찌개,72.29
2642,튀김류,파채떡갈비,230.68
2643,볶음류,모듬버섯구이,35.09
2644,무침류,시금치두부무침,55.05
2645,밥류,발아흑미밥,327.5
2646,보조식,떠먹는 딸기요구르트(플레인),57.0
2647,국류,돈등뼈우거지탕국,227.7
2648,무침류,메밀비빔막국수,204.02
2649,튀김류,납작만두튀김,89.85
2650,무침류,도라지무침,101.38
2651,찜류,초당옥수수찜,88.68
2652,밥류,강낭콩밥,338.0
2653,국류,옥수수크림스프,162.62
2654,튀김류,수제등심돈까스,390.25
2655,보조식,야채피클,47.71
2656,튀김류,바삭꽃게강정,168.41
2657,국류,들깨머위대국,241.27
2658,구이류,햄오븐구이,199.75
2659,볶음류,토마토달걀볶음,114.77
2660,무침류,매실장아찌고추장무침,37.67
2661,볶음류,애호박맛살볶음,61.72
2662,밥류,가지밥,516.75
2663,튀김류,해쉬브라운튀김&amp;케찹,159.15
2664,구이류,알감자버터구이,71.29
2665,찜류,모듬숙회&amp;초고추장,61.55
2666,튀김류,깐풍두부,127.69
2667,밥류,찹쌀검정콩밥,333.2
2668,구이류,닭다리떡오븐구이,323.61
2669,국류,참외오이냉국,23.3
2670,무침류,깻순겉절이,45.83
2671,무침류,김가루실파무침,18.52
2672,밥류,참치주먹밥,355.34
2673,볶음류,순대들깨볶음,252.76
2674,구이류,피자군만두,292.35
2675,김치류,열무김치,19.2
2676,찜류,안동찜닭,384.49
2677,보조식,수박빙수,80.24
2678,부침류,양송이전&amp;달래초간장,39.2
2679,밥류,찹쌀현미밥(쌀 100g),395.28
2680,국류,일식팽이장국,14.41
2681,조림류,연근생땅콩조림,99.05
2682,무침류,배추된장무침,17.95
2683,구이류,카레두부구이&amp;양념장,78.65
2684,무침류,봄동무침,39.97
2685,조림류,닭살야채볶음,225.39
2686,보조식,과카몰리바게트샌드위치,124.09
2687,죽류,한방닭죽,350.56
2688,국류,얼큰순두부찌개,114.56
2689,부침류,오징어숙주전,225.24
2690,밥류,모듬콩밥,227.35
2691,면류,열무메밀물국수,313.2
2692,구이류,갈치필렛구이,115.26
2693,조림류,단호박조림,36.97
2694,조림류,곤약메추리알조림,68.59
2695,보조식,미니절편,107.5
2696,국류,다시마무국,13.9
2697,무침류,매실장아찌,11.48
2698,국류,호박고추장찌개,72.46
2699,국류,달래된장찌개,53.08
2700,무침류,미나리오징어초무침,59.61
2701,무침류,마카로니콘그라탕,81.1
2702,무침류,콩나물미나리무침,32.31
2703,국류,얼갈이된장국,23.76
2704,무침류,미역초무침,14.24
2705,무침류,미역레몬초무침,14.24
2706,보조식,귀리우유,171.37
2707,밥류,잡곡(녹두)밥,364.6
2708,무침류,무말랭이오징어젓무침,24.35
2709,무침류,상추깻잎쌈,9.7
2710,국류,오징어순두부찌개,147.01
2711,밥류,서리태콩밥,341.49
2712,무침류,치커리매실청무침,18.85
2713,국류,새우살무국,79.49
2714,무침류,참나물유자생채,22.56
2715,무침류,치커리유자청무침,21.96
2716,볶음류,애호박볶음,49.32
2717,국류,가지미미역국,58.77
2718,밥류,차수수밥,329.9
2719,밥류,누룽지탕,393.0
2720,밥류,누룽지탕(대),589.5
2721,볶음류,새우스크램블에그,110.12
2722,무침류,낙지젓무침,53.42
2723,국류,얼큰청양콩나물국,18.03
2724,튀김류,해쉬브라운감자튀김&amp;케찹,185.1
2725,김치류,간장깻잎지,62.0
2726,보조식,흰우유&amp;초코시리얼,252.1
2727,국류,새우연두부달걀국,139.52
2728,볶음류,돼지고기고추장볶음,348.16
2729,국류,북어두부해장국,78.85
2730,조림류,새송이돈육장조림,142.69
2731,볶음류,돼지고기가지볶음,168.08
2732,무침류,콩나물당면무침,81.48
2733,볶음류,돈육간장볶음,275.36
2734,무침류,돌나물샐러드,7.97
2735,무침류,부추겉절이,7.46
2736,밥류,차조밥,293.2
2737,국류,오징어콩나물국,43.02
2738,조림류,닭간장조림,298.79
2739,조림류,시래기된장지짐,40.31
2740,무침류,상추오이무침,16.42
2741,밥류,흰쌀밥,292.8
2742,튀김류,베트남식 깐풍기,159.99
2743,보조식,토마토&amp;연유소스,27.85
2744,밥류,수수밥,298.4
2745,밥류,추가밥,109.8
2746,밥류,삼겹살볶음밥,634.62
2747,무침류,청포묵무침,32.12
2748,볶음류,비엔나간장볶음,78.55
2749,부침류,치즈오믈렛,123.48
2750,찜류,연두부새싹샐러드,67.05
2751,국류,치즈부대찌개,145.99
2752,구이류,한마리꽁치구이,258.27
2753,무침류,쫄면골뱅이무침,222.73
2754,조림류,우엉땅콩조림,85.5
2755,볶음류,부추스크램블에그,98.42
2756,김치류,볶음김치,75.81
2757,무침류,비름나물쌈장무침,39.96
2758,보조식,수박,93.0
2759,볶음류,브로콜리볶음,39.76
2760,국류,미역북어채국,53.35
2761,무침류,모듬채소쌈,21.25
2762,무침류,맛살콩나물겨자무침,48.62
2763,찜류,손만두찜,218.72
2764,볶음류,도라지볶음,117.56
2765,조림류,코다리조림,141.74
2766,면류,소면1/2,148.0
2767,부침류,매생이전,70.72
2768,무침류,실파김가루무침,23.1
2769,밥류,가지규동,507.0
2770,무침류,비름나물,31.0
2771,찜류,어묵바,169.0
2772,무침류,고추단무지무침,16.0
2773,무침류,양파링초절임,11.84
2774,튀김류,치킨텐더,207.75
2775,보조식,백설기,147.0
2776,튀김류,봄꽃 떡갈비,167.9
2777,국류,양송이수프,117.71
2778,구이류,콜리플라워버터구이,16.21
2779,밥류,민물장어덮밥,368.5
2780,부침류,깻잎어묵전,129.3
2781,구이류,가자미양념구이,73.51
2782,국류,매생이굴국,53.99
2783,구이류,"구운채소(브로콜리,가지,당근,양파)",17.39
2784,무침류,오이깨무침,13.62
2785,밥류,강황밥(쌀90g),329.11
2786,밥류,강황밥(쌀100g),365.71
2787,국류,유부된장국,45.12
2788,밥류,강황밥(쌀70g),255.91
2789,무침류,사과치커리무침,26.63
2790,국류,팽이버섯두부국,59.94
2791,보조식,떡(인절미),161.7
2792,국류,쑥갓어묵국,56.82
2793,무침류,두부무침,50.74
2794,볶음류,김자반볶음,35.0
2795,밥류,백미밥,256.2
2796,밥류,잡곡밥(병아리콩),330.1
2797,국류,새우젓순두부찌개,124.31
2798,구이류,임연수레몬구이,103.25
2799,볶음류,도라지나물,51.82
2800,무침류,무말랭이무침,39.3
2801,찜류,오징어숙회,56.4
2802,무침류,시래기나물,55.76
2803,튀김류,감자튀김,238.0
2804,국류,꼬치어묵국,94.47
2805,무침류,쑥갓나물무침,22.45
2806,볶음류,우엉어묵볶음,188.6
2807,볶음류,주꾸미볶음,145.42
2808,국류,전주식콩나물국,28.42
2809,죽류,낙지죽,173.53
2810,튀김류,스마일감자튀김,238.0
2811,찜류,표고버섯 두부찜,104.44
2812,볶음류,맛살야채볶음,71.57
2813,볶음류,오징어떡볶음,262.58
2814,면류,로제크림파스타,350.47
2815,무침류,적채 부추무침,52.31
2816,무침류,느타리버섯무침,74.21
2817,튀김류,크리미 양파닭,326.22
2818,밥류,날치알밥,233.16
2819,죽류,매생이굴죽,213.76
2820,조림류,양송이 미트볼조림,272.95
2821,무침류,꼬시래기 오이무침,74.91
2822,볶음류,견과명엽채볶음,267.55
2823,구이류,로즈마리 삼치구이,126.27
2824,조림류,묵은지고등어조림,237.21
2825,볶음류,오리훈제볶음,424.81
2826,국류,얼큰무국,13.9
2827,무침류,파채콩나물무침,35.4
2828,볶음류,통마늘돼지고기볶음,112.3
2829,조림류,땅콩조림,54.59
2830,무침류,청경채무침,15.4
2831,조림류,단호박갈치조림,162.49
2832,밥류,깍두기볶음밥,282.7
2833,볶음류,돌자반볶음,175.0
2834,볶음류,아몬드돌자반볶음,180.81
2835,국류,미더덕된장찌개,49.07
2836,구이류,언양식갈비스테이크,298.99
2837,찜류,브로콜리온두부,86.55
2838,볶음류,고추장명엽채볶음,234.02
2839,부침류,물파래전,230.75
2840,김치류,열무맛김치,17.8
2841,무침류,느타리청경채들깨무침,37.33
2842,무침류,참외오이무침,51.84
2843,김치류,갓김치(완),14.8
2844,김치류,나박김치(완제품),3.5
2845,보조식,파인애플샐러드,13.85
2846,구이류,"햄버거스테이크(완,소)",126.7
2847,무침류,봄동겉절이,39.97
2848,무침류,미역양파초무침,14.24
2849,무침류,더덕양념무침,56.49
2850,면류,"메밀국수(온,소)",151.2
2851,무침류,피망잡채,140.14
2852,무침류,참나물유자청무침,44.21
2853,무침류,참깨톳무침,334.65
2854,무침류,섬초무침,40.06
2855,국류,실파달걀국,61.93
2856,부침류,파프리카전,185.64
2857,국류,쑥갓 우동국,1.15
2858,무침류,토마토상추무침,107.17
2859,볶음류,숯불맛 불고기,173.42
2860,무침류,매실고추장아찌,40.1
2861,볶음류,가지볶음,26.25
2862,찜류,차돌박이숙주찜,118.38
2863,보조식,마늘바게트,53.67
2864,국류,감자주꾸미찌개,89.52
2865,무침류,오이생채,45.0
2866,국류,북어들깨탕,55.19
2867,국류,열무바지락살된장국,33.17
2868,죽류,닭수삼죽,276.67
2869,국류,단호박크림수프,107.81
2870,면류,토마토파스타,334.05
2871,밥류,찹쌀차조밥,395.25
2872,무침류,양배추깻잎초절임,41.46
2873,국류,근대바지락살된장국,91.01
2874,국류,다슬기(올갱이)아욱된장국,45.8
2875,볶음류,돈육간장숯불불고기,170.35
2876,무침류,부추숙주나물무침,29.76
2877,국류,쑥국,84.34
2878,국류,멸치김치국,57.29
2879,찜류,새우살달걀찜,109.12
2880,부침류,두부장떡,160.72
2881,구이류,고등어구이/양념장,420.2
2882,무침류,아삭이쌈장무침,67.73
2883,조림류,소고기버섯두부조림,134.42
2884,무침류,치커리유자청사과생채,32.95
2885,무침류,사태과일냉채,172.09
2886,튀김류,우엉튀김,171.18
2887,무침류,진미채마늘종무침,159.21
2888,찜류,양배추찜,37.31
2889,구이류,가자미구이,168.71
2890,조림류,꽈리고추메추리알조림,131.69
2891,튀김류,버섯탕수육,184.83
2892,무침류,참나물골뱅이무침,62.81
2893,찜류,닭북어찜,226.63
2894,국류,무콩나물국,41.04
2895,국류,해물짬뽕,79.81
2896,볶음류,중화풍가지새우볶음,99.74
2897,무침류,묵잡채,77.51
2898,무침류,방울토마토훈제연어샐러드,54.51
2899,국류,해물짬뽕국,76.87
2900,국류,명란순두부찌개,101.83
2901,구이류,통자반고등어구이,206.4
2902,국류,애호박고추장찌개,77.9
2903,밥류,기장현미밥,358.0
2904,무침류,불고기샐러드,111.45
2905,구이류,삼치엿장구이,145.33
2906,볶음류,소고기오이볶음,202.78
2907,볶음류,궁중잡채,57.08
2908,찜류,단호박찜샐러드,43.19
2909,찜류,감자샐러드(완),42.9
2910,구이류,떡갈비구이(완),208.35
2911,튀김류,만두튀김(완),149.75
2912,찜류,명란새우달걀찜,101.52
2913,무침류,톳무생채,17.08
2914,국류,순한들깨가루미역국,17.29
2915,밥류,김밥,178.63
2916,구이류,코다리양념구이,272.02
2917,무침류,참나물사과무침,34.91
2918,밥류,렌틸콩발아현미밥,402.4
2919,국류,콩비지김치찌개,127.09
2920,무침류,상추쑥갓겉절이,40.6
2921,볶음류,어묵햄볶음,277.28
2922,밥류,강낭콩현미밥,446.75
2923,조림류,아몬드멸치조림,306.95
2924,국류,열무감자국,60.56
2925,조림류,대파두부양념조림,124.58
2926,볶음류,멸치견과류건포도볶음,110.52
2927,무침류,실곤약콩나물무침,90.45
2928,볶음류,미역줄기양파볶음,129.17
2929,무침류,돌나물무침,33.31
2930,볶음류,춘장돼지고기볶음,244.55
2931,볶음류,묵은지들기름볶음,94.24
2932,조림류,우엉콩조림,96.95
2933,조림류,연근호두조림,165.61
2934,볶음류,청경채버섯볶음,27.72
2935,조림류,무화과연근조림,63.2
2936,부침류,애호박전,40.41
2937,볶음류,무나물,17.77
2938,무침류,병아리콩고추무침,140.14
2939,찜류,"양배추,브로콜리,다시마쌈",17.54
2940,무침류,비름나물무침,39.96
2941,무침류,삼색겨자채,44.83
2942,보조식,화분요거트,181.47
2943,부침류,깻잎완자전,160.76
2944,김치류,오이소박이,29.6
2945,무침류,호박오가리나물무침,101.81
2946,국류,두부청국장찌개,74.64
2947,밥류,꽁보리밥,288.8
2948,무침류,오이무침,12.31
2949,무침류,유채나물,36.07
2950,무침류,창란젓갈(완),34.54
2951,조림류,콩자반(완),81.3
2952,볶음류,베이컨감자채볶음,68.02
2953,무침류,조개젓갈(완),24.29
2954,밥류,굴무밥,377.1
2955,밥류,도라지전복영양밥,416.79
2956,김치류,고들빼기김치(완),26.4
2957,보조식,연두부(소),35.0
2958,밥류,뿌리채소영양밥,352.0
2959,볶음류,닭가슴살토마토볶음,99.03
2960,국류,가지돼지고기된장찌개(군특화-최운산장군밥상),148.73
2961,국류,?얌꿍(세계음식-태국),123.62
2962,국류,푸팟퐁커리(세계음식-태국),321.92
2963,무침류,쏨땀(세계음식-태국),19.13
2964,볶음류,팍붕파이뎅=모닝글로리볶음(세계음식-태국),31.98
2965,튀김류,왕새우튀김,177.25
2966,구이류,삼치살구이+유자청데리야끼소스,172.71
2967,구이류,삼치살구이+데리야끼소스,104.04
2968,밥류,현미밥,365.0
2969,밥류,현미흑미밥,329.37
2970,조림류,우엉채조림,90.85
2971,무침류,숙주나물미나리무침,23.89
2972,무침류,숙주미나리나물무침,23.89
2973,무침류,실곤약채소초무침,34.61
2974,부침류,팽이버섯야채전,37.18
2975,조림류,메추리알곤약조림,92.22
2976,죽류,참치야채죽,308.31
2977,죽류,홍합미역죽,268.55
2978,김치류,나박김치(완),3.5
2979,국류,유부어묵국,65.07
2980,부침류,계란프라이,77.15
2981,무침류,청포묵김무침,35.79
2982,밥류,대추밤찰밥,424.25
2983,국류,애호박된장찌개,100.54
2984,보조식,고칼슘우유,201.6
2985,보조식,오렌지푸딩,139.2
2986,보조식,샤인머스켓푸딩,139.2
2987,보조식,망고푸딩,139.2
2988,보조식,리치푸딩,139.2
2989,보조식,키위푸딩,139.2
2990,조림류,명이나물(완),16.5
2991,조림류,감자조림,55.87
2992,죽류,닭가슴살야채죽,241.68
2993,죽류,대합죽,228.88
2994,죽류,소고기단호박죽,433.36
2995,죽류,수삼닭죽,364.88
2996,보조식,단호박식혜,56.0
2997,보조식,복숭아주스,81.0
2998,보조식,망고주스,42.0
2999,보조식,망고스틴(세계음식-태국),113.6
3000,보조식,두유,124.0
3001,보조식,석류딸기주스,58.5
3002,보조식,매실음료,66.0
3003,보조식,레몬음료,36.0
3004,보조식,"짜먹는 요거트(상하목장,딸기))",72.25
3005,보조식,사과주스,63.0
3006,보조식,감귤주스,58.5
3007,보조식,과채주스,63.0
3008,보조식,당근주스,57.0
3009,보조식,토마토주스,61.5
3010,김치류,양념깻잎지무침(완),38.0
3011,김치류,고들빼기무침(완),44.0
3012,김치류,무말랭이무침(완),65.5
3013,김치류,배추물김치,19.0
3014,보조식,검은콩우유,208.0
3015,밥류,쌀밥(소),183.0
3016,밥류,율무밥,367.1
3017,국류,감자크림스프,162.06
3018,국류,당근스프,152.27
3019,국류,양송이스프,228.27
3020,보조식,야채스틱,22.2
3021,국류,크림스프,152.12
3022,볶음류,땅콩볶음,87.03
3023,보조식,순두부토마토카프라제,22.65
3024,구이류,삼겹살철판구이,301.1
3025,보조식,스틱야채,22.2
3026,조림류,연근땅콩조림,100.64
3027,무침류,미나리나물,13.4
3028,부침류,새우감자전,88.63
3029,튀김류,양파링튀김,169.05
3030,구이류,갈치구이,145.06
3031,밥류,강황쌀밥,330.14
3032,무침류,얼갈이들깨무침,33.78
3033,튀김류,콩고기탕수육,298.5
3034,보조식,시저샐러드,33.42
3035,국류,북어채미역국,53.35
3036,볶음류,버섯야채볶음,32.57
3037,국류,들깨미역국,18.79
3038,국류,새우살미역국,37.76
3039,국류,시래기열무된장국,29.14
3040,찜류,돼지갈비양념찜,383.89
3041,국류,팽이버섯국,22.12
3042,국류,건새우아욱된장국,71.37
3043,국류,꽃게된장찌개,118.16
3044,국류,오징어고추장찌개,105.29
3045,국류,브로콜리크림수프,167.35
3046,무침류,솜땀식무생채,15.84
3047,국류,밀푀유나베,332.65
3048,튀김류,다시마튀각,34.0
3049,밥류,잡곡밥(완두콩),346.2
3050,밥류,잡곡밥(검정콩밥),325.36
3051,구이류,백조기구이,104.75
3052,국류,건새우무국,32.92
3053,국류,물만두국,145.52
3054,국류,황태채국,34.48
3055,조림류,미트볼케첩조림,121.32
3056,국류,단호박수프,9.74
3057,죽류,찹쌀누룽지닭죽,124.93
3058,구이류,연어데리야끼구이,95.35
3059,국류,영양닭곰탕,74.62
3060,구이류,치즈돈까스,152.48
3061,볶음류,잡채말이어묵볶음,59.91
3062,밥류,목살필라프,266.72
3063,튀김류,순살아귀강정,126.89
3064,밥류,한우장조림버터비빔밥,220.84
3065,구이류,수제떡갈비구이,124.99
3066,볶음류,소세지케첩볶음,113.86
3067,조림류,고등어간장조림,107.28
3068,밥류,닭가슴살우엉볶음밥,333.87
3069,국류,맑은대구탕,30.44
3070,밥류,두부카레볶음밥,263.95
3071,볶음류,새우살케첩볶음,92.37
3072,부침류,옥수수채소전,90.11
3073,구이류,삼치살구이,120.65
3074,조림류,두부양념조림,102.91
3075,면류,삼색수제비(소),70.82
3076,조림류,토마토소스닭조림,116.08
3077,국류,북어채갈은국,21.46
3078,부침류,늙은호박전,85.5
3079,조림류,미트볼토마토소스조림,76.49
3080,볶음류,돼지고기간장볶음,102.65
3081,조림류,닭봉조림,115.51
3082,밥류,청경채두부볶음밥,285.51
3083,구이류,어린이고등어구이,61.45
3084,튀김류,연근튀김,108.76
3085,구이류,두부데리야끼소스구이,108.93
3086,부침류,단호박전,72.06
3087,밥류,간장게살볶음밥,289.86
3088,밥류,돼지고기카레라이스,341.61
3089,볶음류,베이컨채소볶음,91.38
3090,볶음류,달걀부추볶음,79.73
3091,무침류,감자샐러드,66.23
3092,무침류,청포묵김치무침,42.65
3093,부침류,파래새우전,67.47
3094,무침류,중국식오이무침,88.15
3095,볶음류,닭살카레볶음,120.36
3096,부침류,오징어해물전,150.03
3097,튀김류,돼지고기강정,140.8
3098,볶음류,볼어묵볶음,91.08
3099,밥류,새우살굴소스덮밥,332.72
3100,부침류,대구살전,102.86
3101,국류,사골팟국,1.71
3102,튀김류,어린이고구마튀김,169.27
3103,구이류,간장닭갈비구이,92.93
3104,튀김류,닭튀김강정,120.12
3105,볶음류,주꾸미콩나물볶음,203.27
3106,국류,냉이순두부맑은국,41.07
3107,무침류,김무침,50.6
3108,볶음류,시래기볶음,64.88
3109,조림류,견과류조림,76.0
3110,죽류,김치갱시기,310.88
3111,튀김류,튀각,11.4
3112,밥류,오곡밥,279.15
3113,튀김류,돼지고기땅콩강정,120.37
3114,볶음류,순대채소볶음,207.47
3115,밥류,단호박리조또,371.59
3116,볶음류,새송이채소볶음,89.34
3117,볶음류,실치아몬드볶음,103.64
3118,부침류,오징어파전,167.95
3119,밥류,김가루주먹밥,286.25
3120,부침류,허브감자전,123.43
3121,부침류,팽이버섯전,118.68
3122,볶음류,표고버섯호박볶음,25.97
3123,튀김류,고구마치즈돈가스,180.15
3124,부침류,크래미채소전,134.05
3125,볶음류,대패삼겹콩나물불고기,132.17
3126,국류,얼갈이토장국,123.32
3127,볶음류,삼겹살두루치기,133.24
3128,국류,강된장찌개,98.41
3129,죽류,동지팥죽,219.36
3130,국류,어묵탕,114.61
3131,부침류,연근전,159.63
3132,무침류,브로콜리다시마초무침,87.13
3133,국류,흑돼지김치찌개,95.82
3134,구이류,수제맥적구이,142.22
3135,부침류,버섯채소전,168.2
3136,무침류,케이준치킨샐러드,215.47
3137,면류,삼색수제비,145.82
3138,무침류,브로콜리꽃맛살샐러드,105.76
3139,볶음류,순살닭볶음탕,75.44
3140,무침류,부추숙주나물,44.2
3141,볶음류,간장떡볶음,68.59
3142,무침류,어린이참나물무침,39.32
3143,튀김류,찹쌀탕수육/소스,167.13
3144,무침류,참치당근샐러드,75.43
3145,무침류,깻잎무생채,56.91
3146,조림류,대구살조림,75.15
3147,부침류,달걀어묵전,133.71
3148,볶음류,버섯당면무침,88.43
3149,조림류,돼지고기사태조림,86.75
3150,볶음류,표고버섯볶음,22.93
3151,볶음류,닭고기양파볶음,114.95
3152,밥류,참치볶음밥,235.96
3153,조림류,영양찜닭조림,90.81
3154,국류,두부된장찌개,39.33
3155,밥류,자장밥,261.94
3156,무침류,고구마샐러드,82.67
3157,국류,유부맑은국,78.62
3158,튀김류,과일소스두부탕수,71.82
3159,볶음류,마파두부,87.6
3160,무침류,삼겹간장비빔쫄면,152.92
3161,무침류,도토리묵김무침,27.66
3162,조림류,돼지고기고구마조림,111.31
3163,조림류,삼치살조림,98.95
3164,부침류,참치동그랑땡,100.94
3165,국류,만두달걀국,64.86
3166,면류,버섯우동면굴소스볶음,197.38
3167,부침류,참치달걀말이,90.57
3168,찜류,간장양념닭찜,65.5
3169,구이류,동그랑땡구이,68.41
3170,무침류,상추무침,13.67
3171,국류,두부맑은국,49.35
3172,볶음류,닭살고구마볶음,85.02
3173,조림류,우엉올리고당조림,51.52
3174,국류,모듬어묵탕,69.78
3175,부침류,흰살생선전,85.15
3176,국류,굴국,36.2
3177,무침류,가지무침,9.48
3178,국류,바지락맑은국,21.72
3179,구이류,두부찹쌀구이,79.96
3180,볶음류,돼지고기두루치기,117.96
3181,조림류,어묵양념조림,88.55
3182,볶음류,고구마닭갈비,96.29
3183,국류,숙주당면국,22.08
3184,볶음류,닭살두루치기,86.5
3185,조림류,잔멸치조림,42.44
3186,국류,오이냉국,16.32
3187,면류,미니우동,54.9
3188,무침류,연근흑임자소스무침,39.58
3189,구이류,군만두/양념장,89.25
3190,찜류,순살가자미찜,89.15
3191,국류,애호박맑은국,15.55
3192,조림류,코다리무조림,166.3
3193,구이류,가자미살구이,84.37
3194,무침류,파프리카무침,35.81
3195,볶음류,무들깨볶음나물,45.11
3196,국류,소고기숙주국,46.07
3197,밥류,햄채소주먹밥,162.35
3198,면류,어묵우동,99.24
3199,부침류,두부달걀부침,88.92
3200,볶음류,돼지고기채버섯볶음,95.49
3201,무침류,양상추요거트샐러드,32.68
3202,무침류,매쉬드포테이토,122.01
3203,무침류,청경채나물,12.37
3204,볶음류,게맛살채소볶음,70.64
3205,무침류,청경채참기름무침,63.82
3206,조림류,닭살양념조림,80.9
3207,볶음류,순살닭갈비,189.63
3208,밥류,산나물비빔밥,385.26
3209,조림류,진미채간장조림,49.51
3210,국류,근대토장국,45.83
3211,찜류,자반고등어찜,156.74
3212,부침류,치즈채소달걀말이,96.88
3213,면류,해물칼국수,104.33
3214,볶음류,부들어묵볶음,70.47
3215,밥류,돼지고기마파두부덮밥,285.81
3216,조림류,중국식동파육,55.55
3217,무침류,고구마순나물,12.23
3218,볶음류,닭가슴살고구마볶음,79.09
3219,부침류,쑥전,100.35
3220,밥류,콩나물무밥/양념장,258.13
3221,구이류,파래김구이/달래간장,22.6
3222,국류,보리순된장국,30.53
3223,볶음류,게맛살잡채,82.39
3224,국류,잘게썬오징어뭇국,24.85
3225,볶음류,어린이메추리알피망볶음,108.54
3226,국류,쑥갓맑은국,8.92
3227,찜류,소고기갈비찜,158.49
3228,국류,어린이조갯살미역국,29.64
3229,볶음류,파돼지불고기,61.54
3230,국류,닭살미역국,39.32
3231,볶음류,닭살채소볶음,58.61
3232,찜류,양배추찜/쌈장,14.85
3233,튀김류,수제돈까스/소스,150.78
3234,부침류,채소오믈렛,89.05
3235,국류,다시마채국,16.43
3236,찜류,연두부찜/새싹,56.18
3237,무침류,오리엔탈소스채소무침,22.89
3238,무침류,사과오이무침,16.85
3239,무침류,콥샐러드/요거트드레싱,40.27
3240,무침류,유자샐러드,46.79
3241,무침류,콜라비샐러드,36.05
3242,무침류,사과미나리생채,38.97
3243,무침류,토마토어린잎샐러드,14.85
3244,무침류,상추배무침,16.14
3245,무침류,모둠해초무침,10.62
3246,국류,두부참치김치찌개,49.87
3247,무침류,토마토유자샐러드,56.9
3248,무침류,오복채무침,12.06
3249,국류,짬뽕순두부,109.36
3250,밥류,굴국밥,91.53
3251,밥류,오므라이스/소스,212.57
3252,무침류,훈제치킨샐러드,93.68
3253,밥류,열무김치비빔밥,275.73
3254,무침류,모듬묵/양념장,61.61
3255,밥류,혼합10곡잡곡밥,216.21
3256,볶음류,쭈꾸미간장채소볶음,119.63
3257,구이류,사과소스목살스테이크,204.6
3258,밥류,햄달걀볶음밥,227.89
3259,무침류,파프리카부추무침,15.39
3260,무침류,콘채소샐러드,58.72
3261,무침류,상추사과무침,5.94
3262,국류,채소수프,29.26
3263,찜류,단호박갈비찜,371.5
3264,국류,미역왜된장국,37.92
3265,무침류,귤연두부샐러드,63.36
3266,구이류,닭살카레구이,310.41
3267,무침류,치커리사과겉절이,98.07
3268,무침류,우엉깨무침,59.83
3269,국류,만두국,252.11
3270,부침류,느타리버섯파전,145.58
3271,무침류,골뱅이채소무침,97.65
3272,볶음류,부추달걀볶음,139.45
3273,국류,배추콩비지찌개,66.54
3274,볶음류,돼지고기목살볶음,254.13
3275,무침류,파래무무침,28.05
3276,밥류,소고기하이라이스,504.2
3277,조림류,단호박돼지고기조림,182.55
3278,조림류,꽁치조림,150.08
3279,국류,들깨시래기된장국,103.83
3280,조림류,매운닭감자조림,222.42
3281,부침류,배추전/레몬간장,110.59
3282,무침류,사과샐러리샐러드,57.0
3283,국류,소고기조랭이떡국,47.69
3284,찜류,돼지고기사태찜,249.42
3285,국류,콩나물무채국1,40.59
3286,무침류,무미나리생채,36.85
3287,볶음류,브로콜리토마토볶음,76.06
3288,무침류,방풍된장나물,54.86
3289,조림류,단호박호두조림,169.49
3290,구이류,마늘소스닭다리구이,325.81
3291,무침류,물미역초회,26.04
3292,볶음류,오징어양배추볶음,200.47
3293,무침류,유채,34.17
3294,무침류,상추/저염견과쌈장,49.8
3295,국류,물오징어찌개,99.4
3296,부침류,수제완자전,225.73
3297,볶음류,오징어채소볶음,203.39
3298,무침류,채소스틱/저염두부쌈장,29.62
3299,국류,냉이두부국,70.78
3300,찜류,닭찜,279.72
3301,무침류,얼큰콩나물무침,31.84
3302,무침류,봄동달래겉절이,39.5
3303,무침류,우엉들깨소스무침,123.32
3304,국류,감자맑은국,23.68
3305,볶음류,제육볶음,295.44
3306,무침류,쌈채소/저염두부쌈장,38.91
3307,구이류,코다리찹쌀구이,376.41
3308,국류,동태찌개,234.78
3309,볶음류,잡채,209.82
3310,무침류,오이양파생채,24.81
3311,무침류,그린딸기드레싱샐러드,52.52
3312,구이류,돼지고기생강장구이,606.54
3313,무침류,풋마늘대나물,63.02
3314,국류,소고기두부맑은국,95.53
3315,볶음류,무청볶음,78.82
3316,볶음류,꽈리고추볶음,50.49
3317,국류,소고기뭇국,101.75
3318,무침류,깻잎겉절이,45.83
3319,국류,달걀쪽파맑은국,58.73
3320,튀김류,만두과일탕수,228.11
3321,면류,미트스파게티,514.37
3322,국류,유부채국,81.78
3323,볶음류,표고버섯마파두부,287.86
3324,구이류,가지구이,47.85
3325,국류,배추속대국,46.76
3326,조림류,갈치감자조림,186.29
3327,무침류,그린샐러드/키위드레싱,126.44
3328,튀김류,만두탕수,350.08
3329,국류,콩나물무채국,39.69
3330,조림류,코다리호박조림,273.54
3331,볶음류,감자카레볶음,71.44
3332,무침류,노각무침,42.03
3333,밥류,파인애플볶음밥,399.76
3334,무침류,베이비채소샐러드,50.7
3335,무침류,영양부추지무침,35.49
3336,부침류,깻잎전,283.72
3337,국류,버섯매운국,65.42
3338,찜류,양배추찜/저염두부쌈장,53.54
3339,볶음류,머위대들깨나물,175.67
3340,무침류,청경채생채,38.19
3341,구이류,고등어유자청구이,380.26
3342,무침류,참나물겉절이,40.02
3343,국류,삼계탕/겨자소스,797.18
3344,국류,순두부맑은국,89.45
3345,조림류,수제미트볼케첩조림,207.52
3346,볶음류,꽈리고추건새우볶음,97.17
3347,무침류,쑥갓땅콩나물무침,29.74
3348,구이류,달걀채소말이,143.45
3349,무침류,부추렌치드레싱,61.1
3350,면류,콩국수,771.91
3351,구이류,군만두/간장소스,364.07
3352,국류,참치채소찌개,108.05
3353,무침류,도토리쑥갓무침,27.73
3354,볶음류,고구마줄기볶음,45.59
3355,국류,호박두부된장찌개,56.76
3356,구이류,가자미구이/양념장,212.66
3357,무침류,실파강회,28.6
3358,볶음류,느타리부추들깨볶음,54.16
3359,조림류,새우무조림,112.66
3360,볶음류,애호박표고버섯볶음,44.92
3361,볶음류,소고기양송이볶음,169.38
3362,무침류,깻잎무침,54.84
3363,튀김류,버섯탕수,138.73
3364,국류,돼지고기두부찌개,122.26
3365,구이류,갈치카레구이,191.95
3366,국류,시금치국,84.63
3367,밥류,소고기덮밥,562.65
3368,무침류,미나리초생채,37.07
3369,무침류,단감샐러드,110.6
3370,튀김류,포크커틀릿,261.28
3371,무침류,그린샐러드,53.24
3372,국류,황태뭇국,94.12
3373,조림류,닭고기연근조림,237.03
3374,무침류,가지들깨무침,32.26
3375,무침류,브로콜리초회,44.0
3376,무침류,도라지배무침,59.7
3377,국류,닭살곰탕/소면,406.25
3378,볶음류,고추잡채,83.53
3379,구이류,두부구이/양념장,141.91
3380,구이류,오미자 풍덩 떡갈비,263.25
3381,찜류,닭매운찜,182.94
3382,구이류,양송이를 품은 닭가슴살,215.39
3383,무침류,안심콩나물샐러드,253.2
3384,구이류,안심된장샌드위치,97.74
3385,구이류,슈바이네학센,93.27
3386,볶음류,우둔살파프리카볶음,320.83
3387,무침류,향초로맛낸닭가슴살과딸기토마토양파소스,583.0
3388,볶음류,돼지고기 파인애플 된장볶음,107.18
3389,무침류,맥적샐러드,107.96
3390,구이류,돼지고기김치말이구이,227.09
3391,구이류,돼지안심구이와파인애플소스,360.44
3392,부침류,수삼닭가슴살전,175.42
3393,볶음류,돼지고기 사과 매콤볶음,208.57
3394,튀김류,흑임자누룽지치킨,316.96
3395,볶음류,돼지고기 단호박볶음,315.36
3396,밥류,돼지고기 가지덮밥,147.02
3397,튀김류,우리장영양돈가스,206.38
3398,구이류,배소스닭다리구이와표고버섯소스부추무침,388.71
3399,튀김류,닭안심찹쌀튀김샐러드,268.14
3400,튀김류,간장에빠진닭튀김,140.66
3401,면류,닭고기와사랑에빠진수제비,132.13
3402,면류,돼지고기김치크림파스타,290.93
3403,찜류,돼지고기선,128.88
3404,밥류,닭고기우엉된장덮밥,202.11
3405,국류,닭장영양떡국,500.46
3406,국류,달걀누룽지탕,106.1
3407,국류,돼지고기스튜,357.58
3408,튀김류,돼지고기깐풍기,240.01
3409,구이류,돼지고기안심된장구이와파인애플소스,322.41
3410,조림류,돼지고기젓국조림과김치무침,208.23
3411,찜류,돼지고기김치말이찜,112.74
3412,구이류,닭가슴살섭산적,162.13
3413,튀김류,닭가슴살감자크로켓,462.9
3414,무침류,닭가슴살냉채,99.89
3415,튀김류,닭다리봉튀김과매운소스,2922.51
3416,부침류,닭가슴살감자전,157.75
3417,밥류,닭가슴살데리야끼채소비빔밥,545.36
3418,국류,닭가슴살배추들깨국,119.45
3419,밥류,닭가슴살과견과류비빔밥,435.76
3420,볶음류,닭고구마볶음,512.32
3421,국류,오리탕,254.69
3422,부침류,감자카레전,134.3
3423,구이류,닭가슴살버터구이,90.74
3424,부침류,파프리카달걀말이,117.45
3425,볶음류,해물우동볶음,134.38
3426,조림류,크림떡볶이,264.69
3427,구이류,도라지떡갈비구이,95.0
3428,무침류,진미채매콤무침,76.84
3429,구이류,수제한우떡갈비구이,99.04
3430,무침류,브로콜리들깨무침,60.14
3431,찜류,연두부/양념장,49.6
3432,볶음류,명엽채엿장볶음,36.78
3433,무침류,가지나물무침,7.93
3434,무침류,고사리들깨나물,27.8
3435,무침류,유채나물무침,10.54
3436,볶음류,미역줄기당근볶음,9.59
3437,무침류,고구마순나물무침,10.4
3438,무침류,참치브로콜리깨무침,52.34
3439,무침류,달걀마요네즈샐러드,99.44
3440,무침류,배추들깨나물무침,17.73
3441,볶음류,깻잎두부볶음,25.14
3442,튀김류,고구마빠스,135.96
3443,볶음류,한우당면볶음,83.46
3444,볶음류,숙주새우달걀볶음,60.25
3445,볶음류,돼지고기버섯굴소스볶음,79.02
3446,볶음류,카레버터새우볶음,68.34
3447,볶음류,돼지고기파프리카간장볶음,85.49
3448,볶음류,스크램블팽이버섯볶음,94.92
3449,볶음류,소고기애호박볶음,64.3
3450,죽류,감자양배추영양죽,59.61
3451,튀김류,두부찹쌀강정,147.49
3452,죽류,단호박죽,64.19
3453,튀김류,찹쌀연근튀김,152.91
3454,무침류,과일샐러드/요구르트드레싱,39.03
3455,면류,어린이쌀국수,169.34
3456,면류,새우볶음우동,170.29
3457,부침류,대구전,89.6
3458,부침류,두부맛살전,125.18
3459,조림류,팽이버섯간장조림,16.37
3460,조림류,오징어떡조림,108.93
3461,조림류,두부데리야끼조림,53.21
3462,부침류,달걀김말이,83.38
3463,볶음류,소고기 당면볶음,129.55
3464,찜류,새우당근달걀찜,47.96
3465,찜류,양송이버섯찜,42.38
3466,죽류,연두부버섯죽,76.77
3467,죽류,참치죽,73.54
3468,죽류,무숙주죽,76.13
3469,죽류,미역달걀노른자죽,89.07
3470,죽류,당근호박,102.59
3471,죽류,호박찹쌀죽,59.26
3472,구이류,황태채구이,123.99
3473,구이류,양송이치즈구이,46.09
3474,죽류,미역죽,110.16
3475,죽류,닭죽,117.44
3476,죽류,치즈고구마죽,134.12
3477,죽류,김찹쌀죽,76.69
3478,구이류,소고기소금구이,112.06
3479,죽류,팥죽,92.76
3480,죽류,치즈단호박죽,119.01
3481,구이류,수제치킨 스테이크,74.23
3482,죽류,소고기죽,118.99
3483,구이류,삼겹살된장구이,276.54
3484,구이류,모닝빵치즈구이,152.48
3485,죽류,오트밀죽,84.89
3486,무침류,느타리초무침,17.04
3487,무침류,배추된장들깨무침,36.06
3488,무침류,브로콜리참치샐러드,92.76
3489,죽류,양배추김죽,109.54
3490,죽류,감자양배추죽,59.61
3491,무침류,오이토마토오일무침,23.49
3492,죽류,버섯영양죽,60.69
3493,무침류,당근건포도 무침,30.28
3494,죽류,닭가슴살팽이버섯죽,85.92
3495,무침류,단호박햄으깸,70.99
3496,죽류,흰살생선시금치죽,73.74
3497,죽류,무양배추죽,65.95
3498,볶음류,시금치옥수수볶음,64.88
3499,죽류,찹쌀단호박죽,73.97
3500,볶음류,베이컨시금치볶음,55.47
3501,죽류,찹쌀사과죽,56.52
3502,볶음류,베이컨 달걀볶음,111.65
3503,죽류,맛살죽,117.33
3504,죽류,연두부닭죽,77.84
3505,죽류,버섯두부죽,74.04
3506,죽류,오이연두부죽,67.94
3507,볶음류,청경채새우살볶음,31.4
3508,죽류,흑미버섯죽,92.67
3509,죽류,들깨버섯죽,147.12
3510,죽류,두부감자죽,75.36
3511,볶음류,콩나물버섯볶음,34.82
3512,죽류,두부브로콜리죽,85.46
3513,볶음류,연근돼지고기볶음,102.53
3514,죽류,브로콜리배추죽,67.82
3515,죽류,시금치달걀노른자죽,71.85
3516,조림류,무말랭이어묵조림,103.26
3517,볶음류,들깨두부볶음,47.3
3518,조림류,버섯버터조림,41.1
3519,무침류,쑥갓두부으깸무침,29.53
3520,볶음류,오이들깨볶음,10.48
3521,조림류,닭고기채소조림,114.79
3522,볶음류,닭가슴살버섯볶음,68.41
3523,부침류,참치팽이버섯전,108.75
3524,조림류,간장고구마조림,78.23
3525,죽류,호두죽,180.8
3526,튀김류,두부올리고당강정,101.28
3527,튀김류,파마산치즈단호박튀김,74.56
3528,튀김류,연근반달튀김,70.06
3529,튀김류,양송이튀김,51.35
3530,튀김류,메추리알 튀김,135.5
3531,부침류,모듬채소전,56.96
3532,부침류,송이버섯전,35.62
3533,부침류,팽이맛살전,59.43
3534,부침류,무전,30.2
3535,부침류,버섯꼬치전,77.6
3536,찜류,비엔나콩나물찜,70.23
3537,찜류,콩나물버섯찜,44.76
3538,밥류,닭고기솥밥,271.84
3539,국류,솎음배추대국,23.64
3540,면류,된장수제비,54.05
3541,튀김류,닭강정소스,53.16
3542,볶음류,가지매콤양념볶음,49.96
3543,튀김류,견과류달걀떡강정,562.05
3544,구이류,토마토에푹빠진달걀,348.03
3545,볶음류,에그잡채,236.64
3546,무침류,토마토 비네그렛 샐러드,11.5
3547,부침류,달걀프라이감자채전,322.77
3548,밥류,돼지고기양송이덮밥,13.35
3549,구이류,수제고구마달걀오믈렛,134.86
3550,면류,달걀스파게티피자,423.77
3551,튀김류,달걀탕수육,896.0
3552,무침류,사과그린샐러드,4.29
3553,볶음류,파프리카오리고기볶음,44.86
3554,볶음류,시금치치즈스크램블,11.23
3555,구이류,달걀포테이토구이와양송이소스,120.21
3556,구이류,둥지달걀,329.45
3557,국류,돼지갈비감자탕,168.0
3558,찜류,바나나올린달걀찜,191.19
3559,구이류,돼지안심구이와 파인애플소스3,26.31
3560,찜류,건고추 간장 오리찜,280.14
3561,무침류,떡갈비봄동샐러드와오렌지드레싱,362.61
3562,무침류,배소스를곁들인닭다리구이와표고버섯소스부추무침,23.34
3563,구이류,채소고추장삼겹살,243.72
3564,국류,돼지고기무짠지찌개,131.83
3565,튀김류,딸기탕수육,204.42
3566,무침류,훈제오리 채소무침과 무쌈,221.52
3567,볶음류,훈제오리 영양볶음,271.36
3568,면류,콩나물 계빔면,552.78
3569,볶음류,두가지맛한국식바비큐와잡채파스타,448.28
3570,조림류,채소를 곁들인 차슈,539.3
3571,구이류,깔조네,224.87
3572,튀김류,깻잎튀김,103.74
3573,부침류,봄나물전,87.93
3574,튀김류,갈치카레튀김,170.02
3575,튀김류,어묵빵가루튀김,184.6
3576,튀김류,달걀튀김,197.86
3577,국류,어린이냉이된장국,31.64
3578,면류,된장미역수제비,208.96
3579,찜류,어린이물만두,65.5
3580,면류,들깨칼국수,273.84
3581,면류,간장비빔국수,283.17
3582,면류,팥칼국수,384.09
3583,구이류,가지데리야끼구이,32.78
3584,부침류,쑥갓조개전,84.05
3585,부침류,콩비지김치전,88.7
3586,부침류,두부참치전,88.93
3587,부침류,굴전,113.42
3588,부침류,연근파래전,64.63
3589,구이류,고등어유자소스구이,137.97
3590,구이류,메로구이,80.78
3591,찜류,순두부버섯달걀찜,73.96
3592,찜류,돈사태김치찜,179.86
3593,죽류,시금치죽,147.89
3594,죽류,대구죽,177.41
3595,조림류,홍합고추조림,58.98
3596,조림류,토란양송이조림,38.26
3597,조림류,소시지감자조림,119.24
3598,조림류,새송이달걀조림,58.76
3599,면류,자장면,454.93
3600,볶음류,관자죽순볶음,50.86
3601,볶음류,건새우양배추볶음,30.99
3602,볶음류,도라지들깨볶음,40.93
3603,볶음류,매운호박볶음,40.84
3604,볶음류,호박고지볶음,65.05
3605,볶음류,아주까리나물볶음,54.74
3606,무침류,묵말랭이무침,23.44
3607,면류,어린이수제비국,18.28
3608,튀김류,냉이튀김,116.53
3609,죽류,전복죽,160.11
3610,죽류,들깨죽,225.94
3611,죽류,잣죽,176.21
3612,죽류,콩죽,144.74
3613,죽류,인삼죽,145.44
3614,죽류,북어죽,174.74
3615,죽류,홍합죽,162.92
3616,죽류,순두부죽,149.22
3617,죽류,타락죽,138.24
3618,죽류,참치채소죽,185.55
3619,죽류,새우미나리죽,185.41
3620,죽류,닭찹쌀죽,239.27
3621,죽류,흑임자죽,190.36
3622,볶음류,오리채소볶음,157.52
3623,볶음류,베이컨숙주시금치볶음,68.82
3624,볶음류,목이버섯달걀볶음,92.67
3625,볶음류,돼지고기고구마볶음,164.73
3626,무침류,곰피오징어초무침,87.16
3627,무침류,우묵무침,47.16
3628,무침류,닭살깨소스무침,70.47
3629,무침류,새싹주꾸미겨자무침,32.18
3630,무침류,씀바귀무침,40.27
3631,무침류,목이버섯겨자무침,19.82
3632,무침류,우엉마늘종들깨무침,69.33
3633,무침류,원추리무침,57.59
3634,무침류,생고구마샐러드,128.06
3635,무침류,청국장근대무침,33.73
3636,김치류,어린이배추김치,5.7
3637,김치류,어린이깍두기,5.7
3638,국류,어린이콩나물국,12.79
3639,무침류,어린이무생채,10.63
3640,볶음류,어린이스크램블에그,100.02
3641,국류,어린이시금치된장국,19.48
3642,국류,어린이어묵국,39.53
3643,국류,순두부국,52.07
3644,볶음류,어린이훈제오리채소볶음,89.84
3645,국류,어린이느타리버섯국,12.01
3646,무침류,표고버섯들깨무침,32.8
3647,조림류,닭날개조림,126.24
3648,조림류,돼지갈비케첩조림,215.43
3649,무침류,어린이쑥갓나물,7.69
3650,무침류,어린이단무지채무침,12.08
3651,조림류,고등어고구마줄기조림,132.25
3652,무침류,어린이청경채무침,6.9
3653,조림류,삼치시래기조림,91.35
3654,조림류,보리새우무조림,50.42
3655,볶음류,어린이가지볶음,19.64
3656,조림류,멸치모둠콩조림,88.25
3657,조림류,맛살고추조림,52.94
3658,무침류,어린이취나물무침,30.52
3659,튀김류,가지튀김/간장소스,118.98
3660,국류,어린이아욱된장국,26.65
3661,볶음류,죽순버섯볶음,23.68
3662,국류,감자들깨미역국,60.37
3663,무침류,어린이오이생채,9.32
3664,국류,닭가슴살미역국,36.55
3665,무침류,어린이용깻잎나물,20.32
3666,찜류,어린이브로콜리달걀찜,76.1
3667,국류,어린이유부된장국,75.63
3668,무침류,어린이시금치나물,14.04
3669,무침류,어린이새콤부추무침,9.9
3670,무침류,야채스틱/쌈장,9.35
3671,무침류,채소스틱/쌈장,16.55
3672,찜류,순살찜닭,66.81
3673,무침류,시금치두부참기름무침,21.43
3674,국류,어린이육개장,73.34
3675,국류,어린이안매운육개장,72.7
3676,무침류,요거트과일샐러드,100.04
3677,튀김류,고구마채튀김,98.72
3678,볶음류,고사리들기름볶음,43.46
3679,국류,양송이된장국,17.68
3680,국류,안매운김칫국,16.08
3681,국류,들깨뭇국,39.73
3682,무침류,브로콜리숙회/흑임자소스,27.47
3683,볶음류,참치통조림채소볶음,52.18
3684,국류,근대맑은국,13.87
3685,국류,달걀맑은국,50.15
3686,국류,안매운부대찌개,85.24
3687,국류,채소게살탕,53.27
3688,무침류,메추리알샐러드,61.93
3689,볶음류,열무볶음,46.47
3690,볶음류,건새우애호박볶음,13.73
3691,국류,들깨채소국,18.61
3692,부침류,두부부침,60.17
3693,무침류,참외샐러드,31.99
3694,무침류,당근숙주나물,7.68
3695,국류,가지양팟국,10.06
3696,무침류,흑임자소스/연두부,39.93
3697,국류,맑은동태찌개,23.85
3698,국류,실파맑은장국,6.08
3699,국류,부추맑은국,13.21
3700,국류,조갯살맑은국,23.12
3701,볶음류,해물굴소스볶음,57.29
3702,무침류,게맛살콩나물무침,13.06
3703,볶음류,새우살크림소스볶음,83.5
3704,무침류,숙주나물김무침,5.95
3705,무침류,양배추초절임,12.19
3706,볶음류,간장제육볶음,134.64
3707,볶음류,새우살채소볶음,56.0
3708,볶음류,브로콜리채소볶음,31.32
3709,국류,채소닭고기국,41.91
3710,국류,무채양팟국,39.88
3711,국류,버섯맑은국,16.15
3712,국류,단호박맑은국,23.35
3713,국류,조랭이미역국,10.81
3714,무침류,방풍고추장무침,39.0
3715,볶음류,훈제오리파프리카볶음,176.0
3716,국류,맑은미역국,27.03
3717,부침류,들기름달걀프라이,77.21
3718,국류,애호박양파국,14.16
3719,국류,두부미역국,34.69
3720,국류,고사리들깨국,23.07
3721,국류,백김치맑은국,11.84
3722,국류,미역맑은국,10.76
3723,국류,유부당면국,72.24
3724,국류,두부새우젓국,12.09
3725,조림류,닭살장조림,52.09
3726,무침류,취나물두부무침,26.93
3727,무침류,양상추사과무침,24.94
3728,부침류,연근찹쌀전,67.95
3729,국류,부추된장국,25.49
3730,국류,맑은닭개장,37.61
3731,조림류,연근검은깨조림,38.19
3732,무침류,봄동파프리카무침,13.77
3733,국류,어린이소고기미역국,32.2
3734,구이류,돼지LA갈비구이,182.48
3735,국류,동태살맑은국,20.72
3736,국류,무채장국,18.03
3737,국류,배추들깨국,24.12
3738,밥류,돼지고기짜장덮밥,257.5
3739,국류,팽이맑은국,16.85
3740,볶음류,느타리양파볶음,16.1
3741,밥류,찹쌀수수밥,219.85
3742,밥류,찹쌀기장밥,219.15
3743,볶음류,돼지고기매콤불고기,115.17
3744,김치류,얼갈이김치,19.45
3745,볶음류,차돌숙주볶음,132.63
3746,밥류,달걀덮밥,238.09
3747,찜류,채소달걀찜,66.96
3748,국류,다시마뭇국,14.9
3749,국류,호박양파국,15.47
3750,무침류,얼갈이나물,11.93
3751,무침류,양배추나물,18.58
3752,볶음류,간장닭갈비,67.95
3753,볶음류,오이나물,18.19
3754,튀김류,등심돈까스/소스,146.95
3755,김치류,한입깍두기,25.14
3756,국류,양파된장국,35.57
3757,밥류,김주먹밥,134.45
3758,면류,수제비감자탕,79.38
3759,밥류,돼지고기짜장밥,247.4
3760,튀김류,소떡강정,132.92
3761,구이류,버섯두부구이,44.51
3762,밥류,팽이버섯덮밥/달걀후라이,215.46
3763,무침류,토마토치즈샐러드,68.2
3764,조림류,카레달걀장조림,11.82
3765,볶음류,삼겹살간장볶음,131.71
3766,국류,대구살뭇국,61.79
3767,조림류,시래기나물지짐,26.95
3768,밥류,소고기가지볶음밥,310.66
3769,볶음류,가지토마토볶음,31.23
3770,국류,감자짜글이,33.73
3771,국류,순살돼지고기감자탕,74.35
3772,무침류,양파오이무침,7.72
3773,볶음류,돼지고기파프리카폭찹,72.03
3774,무침류,참외무침,38.77
3775,국류,순두부달걀국,38.37
3776,국류,감자무챗국,30.14
3777,무침류,파프리카배무침,18.1
3778,볶음류,돼지고기잡채,70.86
3779,국류,안매운콩비지찌개,50.04
3780,볶음류,오징어채소간장볶음,71.19
3781,무침류,연근깨무침,31.99
3782,무침류,오이달래무침,13.87
3783,볶음류,소고기당근볶음,82.34
3784,무침류,한식샐러드,38.23
3785,볶음류,파프리카볶음,15.9
3786,볶음류,모듬버섯볶음,35.09
3787,국류,연두부국,20.36
3788,무침류,배추된장나물무침,4.3
3789,밥류,버섯영양밥,187.76
3790,국류,애호박젓국,16.88
3791,국류,유채된장국,25.24
3792,구이류,닭살버터구이,86.21
3793,무침류,견과류채소샐러드,73.14
3794,국류,소고기들깨뭇국,80.52
3795,볶음류,소고기궁중떡볶음,109.31
3796,국류,새우젓파,33.76
3797,볶음류,들깨무나물볶음,16.92
3798,국류,청경채맑은국,6.46
3799,밥류,새우파인애플볶음밥,153.78
3800,볶음류,감자당근볶음,36.51
3801,국류,부추새우맑은국,46.14
3802,무침류,죽순두릅초회,47.07
3803,국류,시금치들깨국,37.66
3804,무침류,근대된장무침,9.41
3805,국류,양배추된장국,28.98
3806,볶음류,주꾸미간장볶음,84.68
3807,국류,김국,16.85
3808,국류,감자애호박국,21.31
3809,국류,버섯국,12.07
3810,볶음류,양송이찹스테이크,147.31
3811,무침류,과일요거트샐러드,50.55
3812,국류,송이버섯미역국,15.18
3813,국류,북어미역국,24.12
3814,무침류,시래기된장무침,13.36
3815,국류,배추맑은국,15.03
3816,조림류,소고기감자조림,88.35
3817,무침류,새콤달콤오이무침,14.84
3818,밥류,영양밥,203.72
3819,볶음류,크랜베리멸치볶음,27.24
3820,튀김류,과일탕수육,164.53
3821,무침류,상추유자무침,21.02
3822,국류,맑은애호박국,12.7
3823,국류,건새우맑은국,3.96
3824,국류,소고기봄동된장국,32.17
3825,국류,홍합국,20.88
3826,찜류,햄치즈달걀찜,96.14
3827,국류,바지락살달래된장국,41.16
3828,볶음류,들깨가루무나물볶음,24.49
3829,부침류,팽이버섯깻잎전,36.07
3830,국류,두부양파된장국,46.22
3831,무침류,봄동된장무침,15.69
3832,볶음류,깻잎나물볶음,14.45
3833,무침류,유채나물된장무침,15.94
3834,구이류,또띠아아몬드칩,99.08
3835,국류,양송이버섯수프,61.56
3836,조림류,소고기두부조림,83.6
3837,국류,사골만둣국,111.55
3838,국류,배추들깨탕,70.95
3839,국류,토란국,50.47
3840,국류,해물찌개,54.11
3841,국류,사골황태떡국,104.15
3842,볶음류,곤드레나물,32.63
3843,무침류,양배추절임샐러드,50.94
3844,무침류,충무식무김치,22.09
3845,김치류,오이깍두기,26.41
3846,무침류,풋마늘초무침,23.14
3847,볶음류,무새우젓나물,41.26
3848,볶음류,피마자나물볶음,52.41
3849,볶음류,느타리애호박볶음,31.6
3850,무침류,늙은오이양념무침,23.13
3851,국류,도토리묵냉국,48.62
3852,조림류,소고기당근조림,120.09
3853,볶음류,파프리카브로콜리볶음,9.23
3854,김치류,보쌈무김치,30.34
3855,국류,맑은김치국,9.91
3856,찜류,순살아귀찜,58.69
3857,무침류,치커리초간장생채,12.13
3858,무침류,숙주당근무침,26.5
3859,찜류,호박잎쌈,22.5
3860,볶음류,쌈장,49.33
3861,무침류,모듬쌈/쌈장,8.8
3862,보조식,과일화채,36.95
3863,국류,온청포묵국,65.25
3864,찜류,단호박팥찜,68.76
3865,국류,다시마맑은국,19.69
3866,국류,우렁살된장국,31.38
3867,찜류,돼지LA갈비찜,159.7
3868,죽류,달걀죽,152.57
3869,죽류,전복내장죽,92.47
3870,국류,미역오이양파냉국,24.1
3871,조림류,멸치고추장조림,40.35
3872,국류,애호박새우젓국,72.74
3873,국류,가자미버터구이,111.61
3874,국류,순두부김칫국,77.82
3875,국류,청국장김치찌개,48.59
3876,찜류,가지찜/양념장,48.63
3877,무침류,참나물양파채겉절이,15.46
3878,국류,쑥바지락국,22.55
3879,죽류,영양닭죽,171.68
3880,밥류,크래미유부초밥,233.92
3881,볶음류,어린이제육볶음,78.17
3882,무침류,시금치유장무침,15.7
3883,무침류,숙주양념장무침,33.83
3884,찜류,브로콜리달걀찜,67.23
3885,부침류,부추양파채소전,63.29
3886,무침류,머위잎나물무침,22.27
3887,볶음류,메추리알피망볶음,65.2
3888,부침류,부추채소전,63.29
3889,찜류,꽈리고추찜,42.04
3890,무침류,브로콜리마요된장무침,21.6
3891,국류,크루통감자수프,62.63
3892,밥류,충무김밥,197.04
3893,죽류,호박죽,94.94
3894,볶음류,애호박새우살볶음,22.86
3895,국류,어린이부대찌개,73.28
3896,찜류,어린이돼지갈비찜,124.83
3897,밥류,날치알볶음밥,245.57
3898,국류,들깨무채국,29.06
3899,부침류,배추전,41.31
3900,조림류,비엔나콩조림,129.97
3901,무침류,봄취나물무침,37.63
3902,국류,실파장국,20.9
3903,부침류,부추새우살전,94.88
3904,국류,두부된장국,40.74
3905,무침류,브로콜리무침,18.23
3906,무침류,마늘종락교무침,33.73
3907,부침류,미나리전,79.32
3908,찜류,데친모듬쌈,15.9
3909,무침류,오이고추쌈장무침,22.98
3910,국류,건새우미역국,13.7
3911,무침류,연두부샐러드,91.08
3912,무침류,오이볶음나물,17.32
3913,튀김류,찰쌀탕수육/소스,153.48
3914,국류,콩비지백탕,34.58
3915,무침류,부추무생채,13.18
3916,무침류,마카로니콘샐러드,72.16
3917,조림류,꽁치통조림김치조림,82.65
3918,튀김류,순살간장치킨,125.34
3919,국류,옥수수수프,94.45
3920,국류,파유부장국,41.13
3921,국류,콩나물김칫국,35.49
3922,찜류,물만두,85.83
3923,국류,북어두부국,62.58
3924,조림류,안동식닭조림,164.95
3925,볶음류,돼지고기마파두부,113.16
3926,무침류,청경채나물무침,12.06
3927,튀김류,두부케첩강정,158.72
3928,국류,부추된장찌개,28.4
3929,부침류,고기완자전,118.44
3930,국류,안매운육개장,40.95
3931,볶음류,돼지고기찹스테이크,109.06
3932,무침류,오절판무쌈,29.73
3933,국류,돼지고기콩비지찌개,58.97
3934,무침류,모둠채소샐러드,6.06
3935,면류,소면,91.7
3936,무침류,깻잎나물무침,38.0
3937,무침류,배추쌈,22.5
3938,면류,수제비국,102.19
3939,무침류,마카로니샐러드,86.58
3940,밥류,주꾸미볶음덮밥,289.62
3941,무침류,아삭이고추무침,35.37
3942,찜류,연두부찜/양념장,55.48
3943,밥류,채소볶음밥,228.55
3944,튀김류,레몬탕수육,151.52
3945,무침류,양파/춘장,8.89
3946,무침류,쌈다시마초회,43.55
3947,무침류,청경채겉절이,22.62
3948,국류,무채국,18.37
3949,무침류,도토리묵채소무침,49.19
3950,무침류,열무된장무침,30.36
3951,구이류,고등어데리야끼구이,141.7
3952,국류,김치국,35.91
3953,튀김류,카레고로케,121.65
3954,볶음류,청경채굴소스볶음,35.5
3955,볶음류,멸치호두볶음,70.17
3956,무침류,요거트샐러드,45.47
3957,찜류,돼지고기찜,150.34
3958,무침류,근대고추장무침,33.76
3959,국류,감자국,45.79
3960,무침류,명이나물절임,16.5
3961,무침류,청포묵채소무침,32.12
3962,국류,손만두국,211.61
3963,부침류,맛살실파꼬치구이,72.93
3964,무침류,브로콜리초무침,32.11
3965,볶음류,건새우볶음,29.98
3966,국류,콩비지들깨탕,96.34
3967,볶음류,호박나물볶음,29.26
3968,튀김류,미니돈까스,90.15
3969,볶음류,돼지고기김치두루치기,94.9
3970,국류,양송이크림스프,73.39
3971,볶음류,닭갈비떡볶음,201.41
3972,구이류,임연수유자청구이,137.43
3973,밥류,바지락비빔밥,317.19
3974,무침류,청포묵/양념장,26.97
3975,볶음류,브로콜리게맛살볶음,58.83
3976,밥류,중국식잡채밥,338.16
3977,튀김류,꽃빵튀김/연유,106.45
3978,무침류,조개젓무침,34.21
3979,국류,봄동된장국,46.62
3980,찜류,깻잎찜,30.49
3981,볶음류,옥수수참치통조림볶음,82.11
3982,무침류,물미역초고추장,27.1
3983,조림류,가자미무조림,107.22
3984,무침류,명란젓무침,41.83
3985,면류,유부우동,195.62
3986,무침류,생채소/쌈장,29.05
3987,무침류,새싹메밀면무침,170.06
3988,무침류,절임고추무침,59.58
3989,무침류,훈제오리양장피무침,168.93
3990,무침류,배추나물,15.61
3991,무침류,곰피초고추장,91.6
3992,튀김류,프랑크소시지구이,104.25
3993,무침류,어리굴젓무침,30.09
3994,무침류,봄동시저샐러드,49.7
3995,볶음류,느타리버섯당근볶음,18.22
3996,밥류,닭갈비덮밥,344.29
3997,무침류,물미역오이초무침,24.59
3998,튀김류,김말이튀김/초간장,110.59
3999,김치류,백나박김치,7.0
4000,볶음류,무청새우젓볶음,19.03
4001,볶음류,죽순채볶음,33.16
4002,볶음류,돼지불고기볶음,132.2
4003,구이류,삼치살카레구이,112.65
4004,볶음류,무나물볶음,21.47
4005,무침류,고춧잎나물,35.88
4006,무침류,골뱅이무침,78.61
4007,튀김류,수제돈가스,224.25
4008,무침류,양배추채/마요네즈드레싱,50.18
