식재료명,에너지(kcal),단백질(g),지방(g),탄수화물(g)
귀리_겉귀리_도정_생것,388,9.88,8.84,68.03
귀리_쌀귀리_도정_생것,388,11.14,8.9,66.66
귀리_쌀귀리+대양_도정_생것,386,11.51,8.78,66.1
귀리_쌀귀리+조양_도정_생것,390,10.78,9.01,67.23
기장_도정_생것,360,11.2,1.9,74.6
기장_찰기장_도정_생것,371,13.41,3.69,70.0
기장_찰기장+이백찰_도정_생것,373,13.72,4.03,69.49
기장_찰기장+한라찰_도정_생것,373,12.8,4.35,69.78
기장_찰기장+황실찰_도정_생것,368,15.55,3.62,67.42
메밀_도정_생것,363,13.64,3.38,67.84
메밀_도정_분말화한것,374,12.96,3.29,71.36
메밀 국수_생것,291,7.59,0.96,61.14
메밀 국수_말린것,372,13.58,1.27,74.41
메밀 국수_삶은것,124,3.54,0.44,25.73
메밀 국수_말린것을 삶은것,114,4.28,0.4,22.65
메밀 냉면_말린것,360,10.74,1.44,73.66
메밀 냉면_말린것을 삶은것,141,4.22,0.59,28.71
메밀묵_생것,54,1.11,0.41,11.77
메밀묵_분말화한것,371,8.33,2.04,77.39
멥쌀_배아_생것,343,6.5,2.0,75.8
멥쌀_백미_생것,366,6.81,1.05,78.74
멥쌀_백미_분말화한것,378,7.24,1.07,81.07
멥쌀_칠분도미_생것,348,6.3,1.5,76.6
멥쌀_현미_생것,357,7.33,2.23,75.92
멥쌀_흑미_생것,357,7.7,2.21,75.56
멥쌀_고아미2호_백미_생것,362,8.4,2.04,74.3
멥쌀_고아미2호_현미_생것,359,9.17,4.11,71.0
멥쌀_농림나1호_칠분도미_생것,370,5.6,1.9,79.2
멥쌀_농림나1호_현미_생것,371,5.8,4.8,75.3
멥쌀_밭벼_백미_생것,331,9.3,0.9,74.5
멥쌀_밭벼_칠분도미_생것,359,9.5,1.5,73.4
멥쌀_새추청벼_백미_생것,366,6.1,0.2,80.9
멥쌀_발아현미_현미_생것,384,7.22,2.88,81.18
멥쌀_수라벼_백미_생것,346,5.7,0.1,76.7
멥쌀_일미벼_백미_생것,372,7.7,1.0,79.3
멥쌀_일미벼_현미_생것,354,9.0,1.0,76.2
멥쌀_추청벼_백미_생것,360,6.42,1.03,77.63
멥쌀_추청벼_현미_생것,362,6.4,2.7,76.9
멥쌀_큰눈벼_백미_생것,375,6.3,1.0,81.4
멥쌀_큰눈벼_현미_생것,371,7.3,3.0,77.9
멥쌀_통일벼_백미_생것,375,8.3,0.6,80.3
멥쌀_통일벼_현미_생것,362,8.9,1.6,77.2
멥쌀_하이아미_백미_생것,367,7.35,1.05,78.46
멥쌀_하이아미_현미_생것,360,7.41,2.6,75.73
멥쌀_향미벼_백미_생것,368,7.0,0.6,79.9
멥쌀_흑진주벼_현미_생것,369,7.9,2.6,77.7
멥쌀_히토메보레_백미_생것,364,6.5,0.3,80.0
멥쌀_골든퀸3호_백미_생것,354,6.07,0.67,77.23
멥쌀_골든퀸3호_현미_생것,357,6.16,2.01,77.26
멥쌀_호품벼_백미_생것,354,5.91,0.73,77.21
멥쌀_호품벼_현미_생것,343,6.3,1.94,73.94
멥쌀_금강1호_백미_생것,369,6.69,1.1,79.46
멥쌀_금강1호_현미_생것,365,7.08,2.72,77.11
멥쌀_남찬_백미_생것,366,6.85,1.34,78.14
멥쌀_남찬_현미_생것,355,7.25,2.31,75.26
멥쌀_도담쌀_백미_생것,360,6.97,1.14,76.91
멥쌀_도담쌀_현미_생것,356,7.73,2.85,74.15
멥쌀_미품_백미_생것,361,7.77,0.81,76.89
멥쌀_미품_현미_생것,348,8.41,2.07,73.3
멥쌀_보람찬_백미_생것,370,7.16,1.53,78.36
멥쌀_보람찬_현미_생것,355,7.42,2.01,75.74
멥쌀_삼광_백미_생것,367,6.31,0.9,79.71
멥쌀_삼광_현미_생것,358,6.88,2.0,76.98
멥쌀_새일미_백미_생것,366,6.92,1.04,78.57
멥쌀_새일미_현미_생것,357,7.6,2.12,76.0
멥쌀_설갱_백미_생것,363,6.71,1.04,78.14
멥쌀_설갱_현미_생것,356,7.53,2.34,75.36
멥쌀_신동진_백미_생것,361,6.06,1.09,78.01
멥쌀_신동진_현미_생것,350,6.69,1.98,75.24
멥쌀_알찬미_백미_생것,374,6.02,1.57,80.36
멥쌀_알찬미_현미_생것,365,6.91,2.34,78.09
멥쌀_영호진미_백미_생것,371,5.72,1.54,79.87
멥쌀_영호진미_현미_생것,363,6.21,2.32,78.1
멥쌀_예찬_백미_생것,363,6.6,0.75,78.78
멥쌀_예찬_현미_생것,356,7.23,2.47,75.25
멥쌀_오대_백미_생것,371,7.38,0.93,79.46
멥쌀_오대_현미_생것,363,8.07,2.31,76.53
멥쌀_운광_백미_생것,365,6.2,0.99,79.1
멥쌀_운광_현미_생것,355,6.52,2.28,75.94
멥쌀_일품_백미_생것,367,7.06,1.12,78.52
멥쌀_일품_현미_생것,357,7.0,2.18,76.37
멥쌀_친들_백미_생것,364,6.43,0.77,79.09
멥쌀_친들_현미_생것,353,6.97,1.98,75.8
멥쌀_팔방미_백미_생것,366,8.33,0.94,77.32
멥쌀_팔방미_현미_생것,358,9.12,2.65,73.74
멥쌀_한가루_백미_생것,373,7.11,1.05,80.03
멥쌀_한가루_현미_생것,361,7.92,2.2,76.38
멥쌀_한아름4호_백미_생것,369,7.13,0.88,79.3
멥쌀_한아름4호_현미_생것,363,7.56,2.2,77.23
멥쌀_해담쌀_백미_생것,371,6.65,0.93,80.24
멥쌀_해담쌀_현미_생것,366,7.42,2.44,77.58
멥쌀_해들_백미_생것,365,7.33,1.34,77.39
멥쌀_해들_현미_생것,356,8.06,2.34,74.99
멥쌀_해품_백미_생것,362,8.23,0.56,77.3
멥쌀_해품_현미_생것,349,8.71,1.88,73.53
멥쌀_흑진미_현미_생것,357,7.82,2.11,75.82
멥쌀_적진주_현미_생것,360,7.47,2.48,76.01
멥쌀 국수_말린것,380,7.2,0.72,82.36
멥쌀밥_쪄서 말린것,373,5.2,0.1,83.7
멥쌀밥_백미,146,2.65,0.33,31.71
멥쌀밥_칠분도미,160,2.6,0.5,36.7
멥쌀밥_현미,166,3.47,0.96,35.34
멥쌀밥_누룽지,393,6.8,0.2,86.8
멥쌀밥_농림나1호_백미,213,2.2,0.1,48.5
멥쌀밥_농림나1호_현미,201,2.8,0.2,46.1
멥쌀밥_밭벼_백미,157,3.5,0.3,36.1
멥쌀밥_밭벼_현미,156,4.1,1.0,34.3
멥쌀밥_새추청벼_백미,153,2.5,0.1,33.8
멥쌀밥_수라벼_백미,159,2.4,,35.7
멥쌀밥_일품벼_백미,156,2.6,0.1,34.6
멥쌀밥_추청벼_백미,151,2.4,,33.7
멥쌀밥_흑진미_현미,174,3.98,1.01,36.83
멥쌀밥_삼광_백미,146,2.52,0.33,31.71
멥쌀밥_삼광_현미,165,3.5,1.15,34.83
멥쌀밥_새일미_백미,142,2.67,0.25,30.69
멥쌀밥_농림나1호_칠분도미,205,2.5,0.2,46.2
멥쌀밥_새일미_현미,172,3.43,1.08,36.67
멥쌀밥_신동진_백미,147,2.53,0.28,32.17
멥쌀밥_신동진_현미,160,3.15,0.76,34.57
멥쌀밥_오대_백미,151,2.85,0.44,32.28
멥쌀밥_밭벼_칠분도미,155,3.6,0.5,35.7
멥쌀밥_오대_현미,166,3.81,0.87,35.29
밀_도정_생것,333,10.6,1.0,75.8
밀_통밀_생것,342,13.2,1.5,74.6
밀_강력밀가루_분말화한것,334,13.59,1.11,72.89
밀_금강밀_도정_생것,329,13.06,1.28,71.7
밀_박력밀가루_분말화한것,374,9.15,0.94,77.73
밀_신미찰밀_도정_생것,334,11.3,1.6,74.2
밀_중력밀가루_분말화한것,375,10.34,1.01,76.64
밀_통밀가루_분말화한것,412,14.36,5.3,76.69
밀_흑밀_도정_생것,328,12.9,0.9,72.5
밀_카무트_수입산(미국산)_분말화한것,334,13.74,1.91,71.16
국수_생것,291,7.25,0.87,60.09
국수_말린것,368,10.38,1.24,74.41
국수_말린것을 삶은것,123,3.55,0.44,24.7
국수_소면_말린것,370,10.36,1.27,74.88
국수_소면_말린것을 삶은것,126,3.55,0.48,25.36
국수_우동_생것,152,3.15,1.25,30.47
국수_우동_삶은것,131,2.85,0.46,27.3
국수_중국국수_생것,293,7.36,1.06,60.03
국수_중국국수_삶은것,155,4.09,0.53,31.61
국수_중면_말린것,366,10.4,1.21,73.94
국수_중면_말린것을 삶은것,120,3.55,0.4,24.04
국수_쫄면_말린것,348,9.16,1.08,71.29
국수_칼국수_생것,303,7.25,0.87,63.02
국수_칼국수_반정도 말린것,281,6.4,1.4,57.5
국수_칼국수_삶은것,140,3.49,0.43,28.98
파스타_마카로니_말린것,380,12.98,1.53,74.13
파스타_마카로니_말린것을 삶은것,159,5.5,0.62,30.86
파스타_스파게티_말린것,380,12.64,1.47,74.52
파스타_스파게티_말린것을 삶은것,197,8.13,0.88,36.83
보리_분말화한것,357,11.16,1.83,76.48
보리_볶은것,360,12.7,2.6,74.1
보리_껍질 포함_분말화한것,364,10.95,2.99,76.09
보리_겉보리_도정_생것,349,8.75,1.67,76.89
보리_겉보리_조곡_생것,347,11.01,2.37,72.84
보리_겉보리_압맥,343,8.74,1.66,75.38
보리_겉보리_할맥,354,9.3,1.67,77.71
보리_두산8호_도정_생것,352,10.0,1.0,78.0
보리_미숫가루_분말화한것,398,14.52,5.48,76.17
보리_서둔찰보리_도정_생것,354,9.7,1.1,78.5
보리_쌀보리_도정_생것,341,8.66,1.66,75.04
보리_엿기름_말린것,358,14.65,2.71,71.68
보리_찰보리_도정_생것,346,11.87,2.15,72.29
보리_찰보리_할맥,362,8.5,1.0,82.0
보리_늘보리_도정_생것,346,9.79,1.77,75.08
보리_누리찰_도정_생것,340,8.89,1.57,74.77
보리_호강_도정_생것,341,7.8,1.59,75.91
보리_큰알보리1호_도정_생것,345,8.13,1.75,76.39
보리_큰알보리1호_조곡_생것,345,10.39,2.41,72.85
보리_흑수청찰_도정_생것,352,9.38,1.6,77.39
보리_흑수청찰_조곡_생것,349,11.64,2.34,72.82
보리밥_쌀보리,144,3.58,0.73,31.72
보리밥_누리찰,142,3.77,0.72,30.99
보리밥_호강,146,3.39,0.73,32.45
보리밥_겉보리,144,3.55,0.7,31.79
보리밥_큰알보리1호,138,3.17,0.65,30.6
보리밥_흑수청찰,150,3.93,0.75,32.97
수수_도정_생것,374,11.67,3.01,73.63
수수_통수수_생것,360,10.5,3.1,76.5
수수_찰수수_도정_생것,368,10.94,3.17,72.54
수수_찰수수+남풍찰_도정_생것,378,11.03,3.67,74.03
수수_찰수수+소담찰_도정_생것,376,12.73,3.02,73.19
옥수수_분말화한것,364,7.32,0.97,83.3
옥수수_단옥수수_생것,118,4.01,1.5,23.39
옥수수_단옥수수_삶은것,118,3.99,1.47,23.53
옥수수_단옥수수_찐것,135,4.2,0.7,29.1
옥수수_메옥수수_생것,178,5.34,2.06,36.26
옥수수_메옥수수_말린것,358,9.94,3.83,74.12
옥수수_메옥수수_삶은것,173,5.11,2.19,34.89
옥수수_메옥수수_구운것,372,8.9,3.9,78.3
옥수수_찰옥수수_생것,141,4.79,1.4,28.96
옥수수_찰옥수수_말린것,371,11.5,4.6,74.7
옥수수_찰옥수수_삶은것,136,4.72,1.48,27.42
옥수수_찰옥수수_찐것,132,6.6,1.4,25.4
옥수수_강다옥_말린것,361,9.82,4.46,73.68
옥수수_광평옥_말린것,358,9.73,4.69,72.54
옥수수_다안옥_말린것,356,10.25,4.28,72.49
옥수수_다평옥_말린것,359,9.02,3.64,75.32
옥수수_신광옥_말린것,354,9.79,3.06,74.78
옥수수_신황옥_말린것,357,10.22,3.62,74.14
옥수수_안다옥_말린것,356,10.25,3.41,74.3
옥수수_양안옥_말린것,358,9.56,3.61,74.98
옥수수_장다옥_말린것,357,11.0,3.76,73.36
옥수수_창다옥_말린것,360,8.93,3.47,75.96
옥수수_청안옥_말린것,360,9.11,3.8,75.29
옥수수_평강옥_말린것,359,9.45,3.54,75.3
옥수수_평안옥_말린것,358,11.77,4.61,71.24
옥수수_황다옥_말린것,358,10.32,3.65,74.27
옥수수_고당옥_생것,108,3.87,1.24,21.61
옥수수_고당옥_삶은것,112,3.93,1.2,22.64
옥수수_고당옥1호_생것,108,3.91,1.09,21.82
옥수수_고당옥1호_삶은것,108,4.14,1.33,21.25
옥수수_단옥3호_생것,137,4.26,2.15,26.74
옥수수_단옥3호_삶은것,134,3.91,1.89,26.71
옥수수_대학_생것,164,4.79,1.62,34.02
옥수수_대학_삶은것,140,4.22,1.42,28.85
옥수수_일미찰_생것,126,5.12,1.25,25.18
옥수수_일미찰_삶은것,129,5.14,1.37,25.69
옥수수_찰옥4호_생것,162,4.63,1.51,33.96
옥수수_찰옥4호_삶은것,156,4.73,1.9,31.65
옥수수_항금맛찰_생것,114,4.62,1.21,22.68
옥수수_항금맛찰_삶은것,118,4.78,1.24,23.48
옥수수묵,55,1.1,0.0,12.6
옥수수 샐러드_콘샐러드,104,3.2,0.2,22.4
율무_도정_생것,380,14.95,5.25,67.63
조_메조_도정_생것,373,11.48,3.91,71.7
조_메조_도정_찐것,115,3.14,1.13,22.71
조_차조_도정_생것,370,10.95,3.85,71.69
조_메조+다황메_도정_생것,374,11.13,3.96,72.3
조_메조+단아메_도정_생것,372,13.45,4.17,69.16
조_메조+삼다메_도정_생것,372,10.78,3.74,72.57
조_메조+조황메_도정_생것,373,11.33,4.0,71.68
조_차조+경관1호_도정_생것,376,10.74,3.82,73.5
조_차조+경관2호_도정_생것,375,12.83,4.37,70.03
조_차조+삼다찰_도정_생것,369,12.07,3.86,70.39
조_차조+황미찰_도정_생것,371,9.28,3.38,74.54
찹쌀_백미_생것,363,6.64,0.99,78.17
찹쌀_백미_분말화한것,377,7.56,0.98,80.62
찹쌀_현미_생것,356,7.28,2.29,75.52
찹쌀_흑미_생것,362,7.83,2.75,75.66
찹쌀_화선찰벼_백미_생것,375,9.5,2.6,75.2
찹쌀_동진찰벼_백미_생것,363,6.64,1.04,78.11
찹쌀_동진찰벼_현미_생것,357,7.14,2.18,76.22
찹쌀_백옥찰_백미_생것,365,6.77,1.12,78.23
찹쌀_백옥찰_현미_생것,358,7.47,2.38,75.65
찹쌀_백진주_백미_생것,365,6.77,1.12,78.23
찹쌀_백진주_현미_생것,358,7.38,2.39,75.82
찹쌀_보람찰_백미_생것,359,6.63,0.76,77.68
찹쌀_보람찰_현미_생것,350,7.11,2.21,74.39
찹쌀_눈큰흑찰1호_흑미_생것,360,8.19,2.69,75.08
찹쌀_조생흑찰_흑미_생것,363,7.47,2.8,76.23
찹쌀 국수_흑미찰국수_말린것,334,8.1,0.3,74.6
피_IEC525(NO.5)_도정_생것,376,8.5,4.6,73.9
호밀_분말화한것,365,9.4,1.82,78.16
호밀_통호밀_생것,334,15.9,1.5,70.7
퀴노아_쪄서 말린것,363,9.56,3.26,72.62
잡곡_현미+찹쌀+현미찹쌀+보리 등_생것,358,9.79,2.09,73.4
아마란스_노란색_말린것,383,17.09,5.94,67.27
아마란스_빨간색_말린것,381,16.47,5.78,67.59
귀리밥_도정,218,6.51,5.36,36.54
귀리밥_쌀귀리+대양_도정,215,6.71,5.13,36.09
귀리밥_쌀귀리+조양_도정,221,6.31,5.59,36.98
찹쌀밥_보람찰_현미,181,3.55,1.25,38.41
찹쌀밥_보람찰_백미,155,2.58,0.33,33.93
멥쌀 국수_말린것을 삶은것,132,2.59,0.29,28.37
율무밥_도정,172,7.1,2.35,30.34
감자_대지_생것,67,2.01,0.04,15.08
감자_대지_삶은것,77,2.07,0.08,17.39
감자_대지_찐것,80,2.11,0.09,18.17
감자_대지_구운것,90,2.43,0.09,20.5
감자_수미_생것,70,1.93,0.03,16.07
감자_수미_삶은것,76,1.99,0.04,17.43
감자_수미_찐것,75,1.94,0.05,17.28
감자_수미_구운것,85,2.3,0.08,19.38
감자_자색_생것,82,2.8,,18.5
감자_자색_찐것,85,2.3,,19.5
감자_자심_생것,64,1.8,0.0,14.7
감자_보라밸리_생것,60,1.45,0.02,13.79
감자_보라밸리_삶은것,69,1.39,0.05,15.97
감자_로즈밸리_생것,68,2.25,0.03,15.18
감자_로즈밸리_삶은것,79,2.34,0.09,17.87
으깬감자,83,1.91,0.57,17.57
고구마_생것,147,1.09,0.15,35.52
고구마_말린것,312,2.3,0.1,75.7
고구마_찐것,163,1.08,0.15,39.41
고구마_구운것,188,1.13,0.16,45.48
고구마_신율미_껍질제거_생것,164,1.0,0.61,38.84
고구마_신자미_생것,107,1.3,0.1,25.5
고구마_연황미_생것,127,1.1,0.0,30.7
고구마_주황미_생것,105,1.0,0.1,25.1
고구마_진홍미_생것,140,1.2,,33.8
고구마_분질(밤) 고구마_생것,154,1.01,0.11,37.22
고구마_분질(밤) 고구마_찐것,169,1.07,0.15,40.9
고구마_분질(밤) 고구마_구운것,189,1.01,0.16,45.94
고구마_점질(호박) 고구마_생것,141,1.17,0.2,33.81
고구마_점질(호박) 고구마_찐것,157,1.1,0.15,37.91
고구마_점질(호박) 고구마_구운것,186,1.25,0.16,45.02
고구마_베니하루까_껍질제거_생것,147,1.03,0.45,34.91
당면_고구마_말린것,358,0.08,0.07,88.75
당면_고구마_삶은것,123,0.03,0.04,30.38
당면_고구마+감자_말린것,346,0.0,0.2,86.6
곤약(구약나물)_분말화한것,194,3.0,0.1,85.3
곤약(구약나물)_판형_생것,6,0.12,0.01,3.06
돼지감자_생것,35,2.18,0.09,14.92
돼지감자_말린것,172,10.43,0.46,74.35
돼지감자_삶은것,39,2.23,0.11,17.16
마_단마_생것,63,1.84,0.12,14.05
마_장마_생것,45,1.56,0.28,9.55
마_장마_삶은것,49,1.47,0.25,10.51
마_둥근마_생것,152,3.56,0.98,33.24
아피오스감자_생것,175,6.1,0.5,38.2
전분_감자_분말화한것,334,0.07,0.02,82.7
전분_고구마_분말화한것,346,0.0,0.05,85.85
전분_밀_분말화한것,360,0.2,0.5,86.0
전분_쌀_분말화한것,375,0.2,0.7,89.3
전분_옥수수_분말화한것,366,0.19,0.56,89.6
전분_옥수수+밀_분말화한것,379,0.3,0.0,93.8
전분_칡뿌리_분말화한것,356,0.2,0.2,85.6
천마_생것,77,0.9,0.0,18.5
천마_찐것,81,1.1,0.0,19.3
칡뿌리_생것,137,2.48,0.1,32.05
토란_생것,71,2.08,0.14,15.77
토란_삶은것,73,2.17,0.18,16.28
토란_찐것,76,2.4,0.17,16.75
야콘_뿌리_생것,52,0.6,0.3,12.4
야콘_뿌리_삶은것,42,0.6,0.3,9.9
칡즙,21,0.44,0.0,4.91
히카마(얌빈)_생것,44,0.68,0.06,10.36
히카마(얌빈)_삶은것,45,0.39,0.06,10.66
고구마말랭이_말린것,277,3.62,0.34,65.58
곤약(구약나물)_국수형_데친것,7,0.01,0.01,3.58
곤약(구약나물)_국수형_생것,7,0.08,0.01,3.18
꿀,317,0.28,0.01,85.83
꿀_밤,314,0.45,0.02,84.95
꿀_아카시아,319,0.12,0.0,86.48
꿀_잡화,318,0.26,0.02,86.07
꿀_토종,313,0.38,0.02,84.73
당밀_가공당,274,0.2,0.0,68.2
설탕_분말화한것,389,0.0,0.0,99.77
설탕_각설탕,387,0.0,0.0,99.95
설탕_백설탕,386,0.0,0.0,99.8
설탕_빙설탕,394,0.1,0.0,99.8
설탕_황설탕,386,0.03,0.01,99.66
설탕_흑설탕,380,0.12,0.02,97.97
포도당,342,0.0,0.0,91.0
강낭콩_생것,174,8.8,0.86,32.35
강낭콩_말린것,348,21.01,1.41,61.89
강낭콩_삶은것,171,8.46,0.9,31.92
녹두_말린것,352,24.51,1.52,60.15
녹두_삶은것,158,11.29,0.67,26.66
녹두 국수_말린것,344,0.2,0.4,87.5
녹두묵,40,0.12,0.03,9.81
동부_생것,166,9.51,1.02,29.34
동부_말린것,343,19.61,2.1,60.56
동부_삶은것,138,8.11,0.77,24.46
동부_수입산(미얀마산)_말린것,345,22.08,2.07,59.43
동부_수입산(미얀마산)_삶은것,155,10.02,1.12,26.28
라이마빈스_말린것,306,21.9,1.8,60.8
라이마빈스_삶은것,122,9.6,0.9,26.0
완두_생것,115,7.92,0.44,19.51
완두_말린것,354,25.37,2.61,56.65
완두_삶은것,123,7.27,1.1,20.78
작두(도두)_생것,125,9.0,0.3,21.5
작두(도두)_말린것,344,26.3,1.0,57.4
잠두_생것,341,26.12,1.53,58.29
잠두_삶은것,110,7.6,0.4,19.65
쥐눈이콩(검정소립콩)_말린것,403,37.32,14.61,30.59
쥐눈이콩(검정소립콩)_삶은것,184,17.99,6.79,12.71
쥐눈이콩(검정소립콩)_볶은것,447,42.31,16.71,31.73
콩(대두)_갈색콩(밤콩)_말린것,410,35.0,17.2,30.6
콩(대두)_노란콩_말린것,409,36.21,14.71,32.99
콩(대두)_노란콩_삶은것,201,17.82,9.5,12.02
콩(대두)_노란콩_볶은것,444,40.47,17.21,33.57
콩(대두)_노란콩_가루를 볶은것,430,38.5,21.36,30.81
콩(대두)_대풍_말린것,405,34.36,13.83,36.94
콩(대두)_대풍_볶은것,460,35.8,19.5,37.3
콩(대두)_수입산(미국산)_말린것,432,33.9,16.0,39.6
콩(대두)_서리태_말린것,413,38.68,15.86,30.45
콩(대두)_서리태_삶은것,196,19.02,8.75,11.39
콩(대두)_서리태_볶은것,436,41.72,16.72,31.27
콩(대두)_수입산(중국산)_말린것,433,32.7,16.9,39.2
콩(대두)_청자3호_말린것,399,34.6,12.6,37.84
콩(대두)_청자3호_볶은것,452,37.4,18.1,36.7
콩(대두)_흑태_말린것,407,36.1,15.37,32.45
콩(대두)_흑태_삶은것,199,17.87,9.05,12.4
콩(대두)_흑태_볶은것,446,40.99,17.31,33.31
팥_검정팥_말린것,330,20.63,0.96,58.72
팥_검정팥_삶은것,156,9.49,0.86,27.15
팥_붉은팥_말린것,337,21.59,1.1,59.29
팥_붉은팥_삶은것,113,7.91,0.32,19.4
팥_붉은팥+수입산(중국산)_말린것,357,19.6,0.5,68.5
팥_회색팥_말린것,350,21.9,1.0,63.3
팥_팥+황백_말린것,343,22.38,1.17,59.85
팥_검정팥+검구슬_말린것,336,20.57,1.05,60.26
팥_붉은팥+서나_말린것,341,21.14,1.22,60.56
팥_붉은팥+아라리_말린것,338,21.59,1.06,59.5
팥_녹색팥+연두채_말린것,341,22.58,1.0,59.54
팥_팥+황백+흰구슬_말린것,348,21.55,1.44,61.43
팥_팥+황백+흰나래_말린것,337,23.2,0.89,58.26
렌즈콩(렌틸콩)_수입산(인도산)_빨간색_말린것,368,23.58,1.73,63.68
렌즈콩(렌틸콩)_수입산(인도산)_갈색_말린것,365,22.64,1.52,64.3
병아리콩_수입산(인도산)_말린것,377,17.78,5.67,63.3
강낭콩_말린것을 삶은것,169,10.35,0.93,29.43
렌즈콩(렌틸콩)_수입산(인도산)_빨간색_말린것을 삶은 것,150,9.79,0.88,25.39
병아리콩_수입산(인도산)_말린것을 삶은 것,183,9.18,3.2,29.24
완두_말린것을 삶은것,174,13.03,1.35,27.06
개암(헤이즐넛)_말린것,628,14.95,60.75,16.7
개암(헤이즐넛)_볶은것,646,15.03,62.4,17.6
도토리_생것,230,4.4,3.0,46.7
도토리_분말화한것,354,1.1,1.1,83.7
도토리_졸참도토리_분말화한것,342,4.6,0.5,79.2
도토리_종가시도토리_분말화한것,348,3.3,1.6,79.5
도토리 국수_말린것,343,12.4,0.7,72.2
도토리묵,47,0.33,0.11,11.23
도토리묵_분말화한것,366,1.7,1.23,87.09
들깨_말린것,530,22.68,39.74,29.26
들깨_볶은것,530,23.59,36.23,35.53
땅콩_말린것,520,25.74,42.57,18.36
땅콩_분말화한것,560,28.43,43.11,24.62
땅콩_볶은것,567,28.5,46.24,19.91
땅콩_삶은것에 소금을 가한것,318,13.5,22.01,21.26
땅콩_검정땅콩_말린것,574,19.3,47.7,26.5
땅콩_대립종_말린것,571,26.1,49.1,17.1
땅콩_소립종_말린것,564,22.4,46.3,24.2
땅콩_중립종_말린것,549,20.3,43.0,29.1
때죽_말린것,551,13.6,44.7,31.8
마름_생것,183,5.8,0.5,40.6
머루씨_생것,282,6.3,4.8,54.0
밤_생것,151,3.28,0.5,33.39
밤_말린것,377,6.7,4.1,78.6
밤_삶은것,154,3.45,0.51,33.95
밤_구운것,206,4.65,0.68,45.36
밤_단택_생것,150,2.7,0.1,34.3
밤_단택_삶은것,150,3.2,0.2,33.6
밤_단택_구운것,187,3.8,0.1,42.5
밤_대보_생것,146,2.9,0.1,33.3
밤_대보_삶은것,155,3.0,0.1,35.2
밤_대보_구운것,181,3.6,0.1,41.2
밤_옥광_생것,147,2.9,0.1,33.5
밤_옥광_삶은것,154,3.1,0.1,35.0
밤_이평_생것,157,3.5,0.1,35.4
밤_이평_삶은것,155,3.7,0.2,34.4
밤_축파_생것,141,2.8,0.1,32.1
밤_축파_삶은것,138,2.5,0.1,31.6
밤_축파_구운것,185,3.5,0.1,42.2
브라질너트_말린것,659,14.32,67.1,11.74
삼씨(대마씨)_말린것,450,29.9,28.3,31.7
수박씨_말린것,451,19.3,22.9,47.2
아몬드_말린것,581,23.44,49.96,20.09
아몬드_볶은것,594,23.45,51.29,20.49
연씨_미숙_생것,81,5.9,0.5,14.9
은행_생것,203,4.69,1.53,42.78
은행_삶은것,186,4.31,1.86,38.25
은행_볶은것,221,5.0,2.05,45.76
잣_생것,630,15.96,59.28,19.38
잣_말린것,640,15.4,61.5,17.6
잣_볶은것,708,17.6,75.0,4.7
참깨_검정깨_말린것,549,20.85,44.12,26.45
참깨_검정깨_볶은것,539,21.28,42.3,27.42
참깨_흰깨_말린것,556,25.41,45.31,21.77
참깨_흰깨_볶은것,557,25.96,45.11,21.83
코코넛_말린것,660,6.88,64.53,23.65
코코넛_볶은것,592,5.3,47.0,44.4
피스타치오넛_말린것,560,20.16,45.32,27.17
피스타치오넛_볶은것,584,25.99,48.89,20.82
피칸_말린것,691,9.17,71.97,13.86
해바라기씨_말린것,589,21.93,52.26,18.58
해바라기씨_볶은것,582,19.33,49.8,24.07
호두_말린것,688,15.47,71.99,7.92
호두_볶은것,713,14.6,68.8,11.7
호박씨_말린것,548,35.35,48.18,5.34
아마씨_볶은것,540,21.8,43.3,30.4
치아씨_씨앗_말린것,486,16.54,30.74,42.12
목화씨_구운것,506,32.59,36.29,21.9
가시오가피_순_생것,76,5.67,0.7,15.87
가시오가피_순_데친것,63,5.25,0.85,11.99
가지_생것,19,1.13,0.03,4.36
가지_말린것,290,14.53,2.4,65.59
가지_소금에 절인것,22,1.4,0.1,5.2
가지_데친것,19,1.0,0.1,4.4
갓_생것,36,3.5,0.2,7.3
갓_돌산갓_생것,24,2.66,0.28,4.22
갯기름나물_생것,47,3.71,0.41,9.67
갯기름나물_데친것,49,3.86,0.71,9.39
갯기름나물_노지_생것,41,3.94,0.32,7.91
갯기름나물_노지_데친것,44,3.62,0.57,8.56
갯기름나물_노지_어린잎_생것,53,4.17,0.52,10.92
갯기름나물_노지_어린잎_데친것,53,4.11,0.8,10.15
갯기름나물_하우스_생것,50,3.12,0.44,10.75
갯기름나물_하우스_데친것,52,3.41,0.79,10.25
갯기름나물_하우스_어린잎_생것,44,3.59,0.36,9.09
갯기름나물_하우스_어린잎_데친것,47,4.28,0.69,8.61
게걸무_뿌리_생것,57,2.84,0.2,12.43
게걸무_잎_생것,32,2.08,0.25,6.95
겨자_적겨자_생것,24,3.54,0.27,3.57
겨자_청겨자_생것,24,3.03,0.17,4.19
고들빼기_생것,29,1.6,0.5,5.8
고들빼기_이고들빼기_생것,39,2.5,0.4,8.2
고려엉겅퀴(곤드레)_재배_말린것,290,28.72,5.01,49.84
고려엉겅퀴(곤드레)_재래종_잎_생것,28,2.99,0.52,4.67
고비_야생_생것,28,1.72,0.13,6.41
고비_야생_삶아서 말린것,299,17.95,1.7,67.51
고비_야생_삶은것,25,1.58,0.16,5.43
고비_야생_말린것을 삶은것,31,1.68,0.26,6.84
고비_재배_생것,28,2.1,0.1,6.2
고사리_생것,22,2.9,0.17,3.8
고사리_말린것,261,25.8,0.6,54.2
고사리_삶아서 말린것,273,27.85,2.11,56.58
고사리_데친것,21,2.74,0.24,3.55
고수(향채)_생것,25,2.43,0.31,4.53
고추_싹_생것,21,2.6,0.1,3.8
고추_풋고추_생것,29,1.71,0.19,6.42
고추_빨간색_생것,85,3.12,2.73,15.34
고추_빨간색_말린것,312,13.88,8.71,57.47
고추_꽈리고추_생것,33,1.83,0.13,7.78
고추_녹광_빨간색_생것,41,2.3,1.3,6.9
고추_녹광_초록색_생것,27,1.4,0.8,4.6
고추_수비초_빨간색_생것,77,3.7,1.8,14.8
고추_시레나_연두색_생것,19,1.0,0.1,4.4
고추_시레나_초록색_생것,23,1.1,0.1,5.4
고추_오이고추_생것,23,0.99,0.12,5.51
고추_재래종_풋고추_생것,26,1.2,0.2,6.0
고추_청양고추_생것,31,1.53,0.3,7.01
고춧잎_잎_생것,45,5.07,0.32,8.49
고춧잎_잎_말린것,266,35.43,5.3,37.8
고춧잎_잎_데친것,51,5.16,0.85,8.9
고춧잎_잎_삶아서 말린것을 삶은것,41,4.41,0.76,6.66
고추냉이_뿌리_생것,103,2.9,0.5,23.7
곤달비_생것,42,1.8,0.5,9.4
곤달비_데친것,35,1.8,0.5,7.4
곰취_생것,32,3.04,0.49,5.77
곰취_데친것,35,3.28,0.64,6.09
곰취_야생_말린것,307,5.1,4.9,71.1
곰취_재배_말린것,306,8.0,4.7,69.2
공심채_생것,26,1.67,0.25,5.57
공심채_데친것,26,1.69,0.34,5.36
꾸지뽕_잎_생것,85,5.06,0.51,19.18
꾸지뽕_잎_말린것,282,18.25,1.4,63.3
꾸지뽕_잎_삶은것,61,3.93,0.51,13.15
국화꽃_생것,25,1.4,0.0,6.5
국화꽃_말린것,283,11.6,0.2,73.5
국화꽃_데친것,21,1.0,0.0,5.7
근대_생것,18,1.78,0.2,3.28
근대_데친것,20,1.79,0.2,3.95
꽃양배추(콜리플라워)_생것,27,2.17,0.48,4.84
꽃양배추(콜리플라워)_데친것,26,2.4,0.47,4.62
꿀풀(하고초)_생것,48,1.6,0.2,11.9
꿀풀(하고초)_말린것,309,8.2,4.0,71.6
날개콩_미숙_생것,36,1.9,0.2,6.5
냉이_생것,41,4.23,0.27,8.06
냉이_데친것,49,5.09,0.5,9.19
누리장나무잎_생것,65,4.5,1.0,12.7
는쟁이냉이_생것,28,2.5,0.3,5.4
달래_생것,28,1.9,0.22,6.1
당귀_일당귀_잎_생것,43,3.2,0.4,8.8
당귀_참당귀_잎_생것,39,2.6,0.7,7.4
당근_뿌리_생것,31,1.02,0.13,7.03
당근_뿌리_데친것,31,0.97,0.13,7.01
더덕_뿌리_생것,80,2.28,0.76,17.58
더덕_뿌리_분말화한것,339,11.19,0.77,78.4
도라지_뿌리_생것,65,2.01,0.15,15.15
도라지_뿌리_말린것,330,10.33,0.89,76.44
도라지_뿌리_분말화한것,339,12.53,1.12,76.64
도라지_뿌리_데친것,58,1.75,0.15,13.42
돌나물_생것,15,1.19,0.08,3.23
동아_생것,15,0.5,0.1,3.8
동아_데친것,15,0.6,0.1,3.7
두릅_땅두릅_생것,25,2.4,0.22,4.79
두릅_땅두릅_데친것,24,2.3,0.25,4.56
두릅_땅두릅_잎_생것,43,4.3,0.3,8.5
두릅_땅두릅_잎_데친것,61,6.3,0.8,10.8
두릅_땅두릅_줄기_생것,17,1.6,0.2,3.1
두릅_땅두릅_줄기_데친것,16,1.5,0.1,3.3
두릅_참두릅_생것,33,4.13,0.22,5.89
두릅_참두릅_데친것,32,3.49,0.28,5.81
두릅_참두릅_잎_생것,46,6.69,0.46,7.32
두릅_참두릅_잎_데친것,41,5.53,0.51,6.44
두릅_참두릅_줄기_생것,33,3.56,0.24,6.12
두릅_참두릅_줄기_데친것,28,2.81,0.28,5.24
둥굴레_잎_생것,52,3.4,0.2,11.7
둥굴레_잎_말린것,289,16.5,0.9,67.7
리크_생것,54,1.8,0.3,13.2
리크_데친것,28,1.3,0.1,6.8
마늘_구근_생것,128,7.45,0.16,26.42
마늘_구근_말린것,333,16.3,0.7,73.3
마늘_구근_동결건조한것,330,15.3,0.5,73.7
마늘_구근_데친것,135,8.04,0.13,27.69
마늘_구근_구운것,169,10.04,0.22,34.6
마늘_난지형_구근_생것,128,7.03,0.12,26.61
마늘_난지형_구근_얼린것,131,7.38,0.07,27.29
마늘_난지형_구근_데친것,138,7.84,0.13,28.59
마늘_난지형_구근_구운것,147,8.29,0.17,30.42
마늘_수입산(중국산)_구근_생것,120,6.99,0.99,22.78
마늘_수입산(중국산)_구근_데친것,127,6.74,1.21,24.27
마늘_한지형_구근_생것,129,7.88,0.19,26.23
마늘_한지형_구근_데친것,132,8.25,0.14,26.78
마늘_한지형_구근_구운것,184,11.8,0.27,38.78
마늘_한지형_구근_볶은것,165,9.84,1.35,31.26
풋마늘_잎줄기_생것,29,1.9,0.17,7.33
풋마늘_잎줄기_데친것,30,1.82,0.29,7.28
마늘종_꽃줄기_생것,53,1.86,0.06,13.39
마늘종_꽃줄기_데친것,59,1.98,0.17,14.82
단무지_뿌리_소금에 절인것,12,0.36,0.05,2.42
마타리_생것,45,2.1,0.1,10.9
머위_생것,17,2.31,0.14,2.74
머위_말린것,281,17.4,3.7,58.2
머위_삶아서 말린것,278,26.73,4.67,48.62
머위_삶은것,28,2.44,0.44,5.2
머위_데친것,25,2.17,0.41,4.42
무_왜무_뿌리_생것,15,0.5,0.1,4.1
무_조선무_뿌리_생것,20,0.67,0.12,4.34
무_조선무_뿌리_데친것,15,0.53,0.18,3.27
무순_싹_생것,20,1.89,1.01,1.82
무청_왜무_잎_생것,22,2.3,0.7,2.9
무청_조선무_잎_생것,31,2.9,0.2,6.1
무시래기_잎_말린것을 삶은것,23,1.58,0.27,4.68
무 절임(치킨무)_뿌리_소금에 절인것,22,0.44,0.21,4.89
무말랭이_뿌리_말린것,318,13.59,0.3,65.34
물냉이_생것,23,3.5,0.1,3.7
물쑥_생것,36,5.4,0.3,5.6
물쑥_데친것,47,1.9,0.1,11.7
미나리_농축,120,0.36,0.0,33.48
미나리_돌미나리_생것,21,2.2,0.2,3.8
미나리_돌미나리_데친것,19,2.3,0.2,3.2
미나리_물미나리_생것,22,1.81,0.25,4.45
미나리_물미나리_데친것,25,2.04,0.32,4.82
미나리_물미나리_잎_생것,30,2.84,0.4,5.62
미나리_물미나리_줄기_생것,22,0.9,0.16,5.15
민들레_생것,29,2.44,0.44,5.48
민들레_데친것,30,2.18,0.51,5.74
바셀라_생것,11,0.7,0.2,2.6
바셀라_데친것,12,0.9,0.2,3.2
바질_잎_생것,32,2.43,0.71,5.56
바질_잎_데친것,34,2.81,0.7,5.9
박_씨 포함_생것,32,1.0,0.1,8.0
박_과육_생것,21,0.5,0.1,5.2
박고지_말린것,268,7.6,0.4,69.0
박쥐나무_잎_생것,100,6.7,1.2,20.7
방가지똥_생것,46,2.5,0.4,10.3
방울다다기양배추_생것,49,3.28,0.16,11.17
방울다다기양배추_데친것,51,5.3,0.1,9.8
배추_생것,15,1.25,0.04,3.2
배추_소금에 절인것,17,1.34,0.07,3.62
배추_삶은것,15,1.16,0.14,3.04
배추_데친것,17,1.4,,3.9
배추_봄 재배_생것,13,1.61,0.07,2.28
배추_봄 재배_소금에 절인것,15,1.63,0.09,2.89
배추_봄 재배_삶은것,14,1.39,0.12,2.61
배추_여름 재배_생것,17,0.9,0.02,3.99
배추_여름 재배_소금에 절인것,17,1.03,0.05,4.04
배추_여름 재배_삶은것,17,0.85,0.23,3.53
배추_가을 재배_생것,15,1.25,0.05,3.35
배추_가을 재배_소금에 절인것,18,1.35,0.06,3.9
배추_가을 재배_삶은것,14,1.25,0.06,2.94
배추_잎_말린것,278,14.38,3.89,58.92
배추_잎_말린것을 삶은것,23,1.68,0.24,4.6
배추_노랑봄배추(노지)_생것,13,1.0,,3.0
배추_노랑봄배추(노지)_데친것,17,1.2,,3.9
배추_노랑봄배추(노지)_소금에 절인것,16,1.1,0.1,3.6
배추_노랑봄배추(하우스)_생것,12,1.0,0.0,2.6
배추_노랑봄배추(하우스)_데친것,15,1.0,,3.4
배추_노랑봄배추(하우스)_소금에 절인것,15,1.0,,3.4
배추_봄동_생것,23,2.02,0.17,4.78
배추_봄동_데친것,22,1.84,0.18,4.54
배추_불암 3호(노지)_생것,23,0.9,0.1,5.7
배추_불암 3호(노지)_소금에 절인것,30,1.2,0.1,7.4
배추_불암 3호(노지)_데친것,33,1.3,0.1,8.2
배추_불암 3호(하우스)_생것,13,1.0,0.1,2.8
배추_불암 3호(하우스)_소금에 절인것,18,1.1,0.1,4.0
배추_불암 3호(하우스)_데친것,18,1.3,0.1,3.8
배추_유기재배_생것,14,1.1,0.0,3.2
백모근_뿌리_말린것,337,9.0,2.0,77.0
부지갱이(섬쑥부쟁이)_생것,30,3.65,0.43,4.9
부지갱이(섬쑥부쟁이)_말린것,258,25.7,2.0,50.0
부지갱이(섬쑥부쟁이)_삶아서 말린것,296,25.09,2.88,59.07
부지갱이(섬쑥부쟁이)_데친것,33,4.0,0.65,4.92
부지갱이(섬쑥부쟁이)_삶아서 말린것을 삶은것,48,5.17,0.68,8.24
부추_두메부추_생것,46,1.2,0.1,11.9
부추_산부추_생것,41,3.5,0.1,8.8
부추_재래종_생것,22,1.8,0.3,4.1
부추_재래종_데친것,20,2.3,0.2,3.6
부추_호부추_생것,30,2.06,0.33,6.23
부추_호부추_데친것,32,2.37,0.35,6.42
브로콜리_생것,32,3.08,0.2,6.32
브로콜리_분말화한것,284,17.5,3.9,58.4
브로콜리_삶은것,30,3.9,0.4,5.2
브로콜리_데친것,28,2.8,0.31,5.34
브로콜리_싹_생것,31,3.81,0.92,3.8
브로콜리_잎_생것,38,2.2,0.4,8.1
브로콜리_잎_말린것,258,15.4,2.8,55.3
브로콜리_잎_삶아서 말린것,271,17.4,1.8,59.8
비름_생것,23,2.72,0.29,3.96
비름_데친것,27,2.98,0.41,4.51
비타민채(다채)_생것,14,2.1,0.2,2.0
비타민채(다채)_어린잎_생것,15,2.26,0.5,1.44
비트_어린잎_생것,21,2.85,0.42,2.91
비트_뿌리_생것,26,1.56,0.14,5.26
비트_뿌리_데친것,23,1.28,0.13,4.66
비트_잎_생것,16,2.2,0.1,2.8
비트_잎_데친것,15,2.3,0.2,2.2
사탕수수_생것,77,1.1,0.0,20.9
산마늘(명이나물)_잎줄기_생것,36,2.02,0.21,8.21
산마늘(명이나물)_잎줄기_데친것,37,2.08,0.31,8.29
삼나물_말린것,293,22.8,2.2,61.3
생강_뿌리줄기_생것,42,0.97,0.15,9.82
상추_뚝섬적축면_적상추_생것,14,1.1,0.3,2.4
상추_로메인_청상추_생것,18,1.66,0.31,3.11
상추_로메인_적상추_생것,17,2.28,0.22,2.72
상추_롤로로사_적상추_생것,20,1.1,0.2,4.5
상추_아담_청상추_생것,9,0.9,0.2,1.3
상추_아시아아이스퀸(청코스)_청상추_생것,24,1.8,0.6,4.0
상추_유레이크_청상추_생것,16,0.8,0.2,3.5
상추_적하계_적상추_생것,19,1.7,0.2,3.7
상추_천상_청상추_생것,17,1.2,0.3,3.2
상추_풍성_청상추_생것,10,0.6,0.1,2.1
상추_완전결구상추_청상추_생것,16,0.94,0.09,3.66
상추_축면상추_적상추_생것,15,1.31,0.21,2.79
상추_치마상추_청상추_생것,20,1.88,0.36,3.48
상추_치마상추_적상추_생것,23,1.53,0.36,4.59
상추_잎상추_적상추_생것,19,1.42,0.28,3.69
생강_수입산(중국산)_뿌리줄기_생것,38,1.3,0.3,8.4
섬초롱_생것,41,3.0,0.4,8.5
섬초롱_데친것,34,2.0,0.2,7.6
세발나물_생것,18,1.61,0.14,3.59
세발나물_데친것,23,2.29,0.28,4.2
셀러리_생것,17,1.04,0.07,3.95
셀러리_데친것,17,1.1,0.12,3.81
소리쟁이_잎_말린것,259,21.7,2.2,52.6
쇠귀나물_뿌리_생것,128,6.3,0.1,26.6
쇠귀나물_뿌리_데친것,129,6.2,0.1,27.2
수리취(떡취)_생것,64,3.9,0.2,14.7
숙주나물_생것,13,1.73,0.05,2.34
숙주나물_데친것,12,2.2,0.2,1.4
숙주나물_찐것,16,1.96,0.11,2.9
순무_전체_생것,27,1.5,0.09,5.65
순무_전체_데친것,28,1.32,0.09,6.04
순무_뿌리_생것,30,1.1,0.07,6.88
순무_뿌리_소금에 절인것,21,1.0,0.2,4.9
순무_뿌리_데친것,33,1.28,0.09,7.51
순무_잎_생것,21,2.05,0.17,4.14
순무_잎_소금에 절인것,27,2.3,0.2,6.0
순무_잎_데친것,20,1.58,0.18,4.17
스테비아_생것,40,2.4,0.32,8.71
스테비아_말린것,303,14.2,2.0,70.5
시금치_생것,29,3.35,0.39,4.86
시금치_데친것,34,4.02,0.61,5.26
시금치_노지_생것,29,4.15,0.43,4.4
시금치_노지_데친것,37,4.78,0.79,5.21
시금치_포항초_생것,35,3.56,0.46,6.22
시금치_포항초_데친것,34,4.19,0.63,5.19
시금치_하우스_생것,27,2.6,0.33,5.08
시금치_하우스_데친것,32,3.01,0.49,5.84
시금치_섬초_생것,24,3.11,0.34,3.76
시금치_섬초_데친것,32,4.12,0.55,4.8
신선초(명일엽)_생것,24,1.08,0.14,5.66
쌈추_생것,25,3.07,0.23,4.29
쌈추_싸미나_생것,20,2.7,0.3,3.0
쑥_생것,37,3.4,0.38,7.04
쑥_말린것,272,25.8,2.05,53.8
쑥_데친것,39,3.71,0.63,6.79
쑥_사자발쑥_생것,56,2.6,0.5,12.7
쑥_사자발쑥_데친것,55,1.9,0.3,13.3
쑥갓_생것,15,1.93,0.17,2.35
쑥갓_데친것,21,2.1,0.3,3.8
쑥부쟁이_잎줄기_생것,26,2.92,0.72,3.53
씀바귀_생것,43,2.9,0.4,9.2
씀바귀_데친것,31,2.6,0.2,6.3
씀바귀_뿌리_생것,71,2.54,0.13,16.24
아스파라거스_생것,17,2.02,0.34,2.53
아스파라거스_데친것,17,2.08,0.19,2.81
아스파라거스_하얀색_생것,21,1.85,0.53,3.51
아욱_생것,37,3.08,0.31,7.64
아욱_데친것,31,3.52,0.49,5.2
아이비카_말린것,260,27.7,4.4,43.7
아주까리_순_말린것,287,36.8,3.1,48.0
아주까리_잎_생것,82,5.8,0.5,17.8
알로에_과육_생것,3,0.1,,0.7
알팔파_싹_생것,21,3.53,0.2,3.14
양배추_생것,33,1.68,0.08,7.92
양배추_데친것,32,1.71,0.12,7.56
양배추_찐것,32,1.68,0.12,7.41
양배추_적양배추_생것,41,2.13,0.21,9.53
양배추_적양배추_싹_생것,39,3.38,1.77,4.6
양파_생것,29,0.95,0.04,6.67
양파_말린것,340,11.7,1.0,78.0
양파_데친것,29,0.84,0.04,6.97
양파_수입산(중국산)_생것,30,0.9,0.1,7.0
양파_자색 양파_생것,32,0.75,0.02,7.81
양파_레드프라임_생것,37,0.46,0.63,8.56
양파_썬파워_생것,32,0.52,0.47,7.38
양파_샬롯_생것,80,2.28,2.54,14.84
양하_생것,13,0.6,0.1,2.8
어수리_생것,31,4.4,0.3,5.0
어수리_잎_생것,45,2.4,0.3,10.4
얼갈이배추_생것,14,1.22,0.08,2.78
얼갈이배추_소금에 절인것,15,1.91,0.11,2.5
얼갈이배추_데친것,14,2.0,0.14,2.17
엄나무(개두릅)_잎_생것,41,6.94,0.67,5.2
엄나무(개두릅)_잎_데친것,37,7.05,0.75,3.86
엉겅퀴_말린것,267,22.4,1.6,55.6
엉겅퀴_삶아서 말린것,279,27.4,2.2,54.2
여주(고야)_생것,22,1.28,0.36,4.48
연근_생것,75,1.63,0.07,17.28
연근_데친것,62,1.07,0.08,14.41
열대비름(아마란스)_어린잎_생것,21,2.99,0.35,3.11
열대비름(아마란스)_잎_생것,45,5.8,0.9,6.5
열무_생것,14,2.08,0.21,1.99
열무_데친것,19,2.69,0.25,2.95
염교(락교)_식초에 절인것,93,0.52,1.0,21.79
염교(락교)_뿌리줄기_생것,83,1.4,0.2,29.3
영아자_생것,34,2.5,0.1,7.7
영아자_말린것,278,23.8,3.1,54.4
영아자_데친것,36,2.5,0.2,7.8
오이_개량종_생것,13,1.06,0.05,2.79
오이_겨울살이청장_생것,13,0.8,0.0,3.1
오이_늙은오이_생것,9,1.19,0.03,1.71
오이_취청_생것,12,0.95,0.04,2.55
오크라_생것,26,2.1,0.2,6.6
오크라_데친것,29,2.1,0.1,7.6
우엉_생것,69,2.61,0.06,15.29
우엉_데친것,52,1.88,0.09,11.34
원추리_생것,35,3.55,0.36,6.48
원추리_데친것,28,3.22,0.29,5.09
유채_싹_생것,78,3.4,4.6,6.8
유채_잎_생것,30,3.89,0.31,4.98
유채_잎_데친것,29,4.36,0.38,4.15
유채_동채_생것,29,4.13,0.32,4.6
유채_동채_데친것,31,4.45,0.4,4.6
유채_서양종_잎줄기_생것,36,4.1,0.4,6.0
유채_서양종_잎줄기_데친것,30,3.6,0.4,5.3
잇꽃(홍화)_잎_생것,45,3.9,0.4,9.0
비비추(이밥추)_생것,48,3.0,0.6,10.1
자운영_생것,40,4.6,0.6,6.6
잔대_순_생것,55,3.4,0.9,9.9
잔대_뿌리_생것,79,2.1,0.2,18.6
전호_생것,23,3.1,0.1,4.2
제비쑥_생것,35,4.5,0.7,5.0
조뱅이_생것,47,4.0,0.2,10.1
죽순_순_생것,24,3.48,0.22,3.77
죽순_순_삶아서 말린것,314,28.31,4.69,57.62
죽순_순_삶은것,19,2.29,0.28,3.12
죽순_순_데친것,30,3.2,0.3,5.5
줄나물_말린것,236,29.7,1.7,41.9
진달래꽃_생것,26,1.0,0.1,6.3
질경이_생것,48,3.0,0.2,10.8
질경이_데친것,45,2.4,0.1,10.7
참나물_야생_생것,39,3.5,0.4,7.6
참나물_야생_말린것,309,5.9,3.5,74.3
참나물_재배_생것,20,1.58,0.19,4.09
참나물_재배_말린것,308,8.5,3.8,71.6
참나물_재배_데친것,22,1.39,0.23,4.54
참반디_말린것,288,12.6,2.7,65.7
참빗살나무_잎_생것,61,7.4,0.7,10.3
참죽나물(가죽나물)_생것,48,5.8,0.39,8.59
참죽나물(가죽나물)_말린것,280,27.9,1.0,57.0
참죽나물(가죽나물)_삶아서 말린것,269,34.44,3.13,44.54
참죽나물(가죽나물)_데친것,46,5.39,0.51,8.1
참죽나물(가죽나물)_삶아서 말린것을 삶은것,52,7.28,0.74,7.89
청경채_생것,10,1.41,0.09,1.64
청경채_데친것,11,1.6,0.13,1.81
청경채_어린잎_생것,16,2.59,0.32,1.86
총각무_전체_생것,22,1.38,0.07,5.18
총각무_뿌리_생것,30,1.16,0.05,6.99
총각무_잎_생것,24,1.97,0.34,4.59
취나물_개미취_생것,53,4.2,0.3,11.3
취나물_미역취_생것,48,3.7,0.6,9.6
취나물_참취_생것,51,2.61,0.38,11.66
취나물_참취_말린것,265,22.2,2.3,53.6
취나물_참취_삶아서 말린것,299,26.85,3.67,56.82
취나물_참취_데친것,49,2.77,0.5,10.54
취나물_참취_말린것을 삶은것,55,3.0,0.5,12.3
취나물_참취_삶아서 말린것을 데친것,49,4.9,0.97,8.22
치커리_뿌리_생것,72,1.4,0.2,17.51
치커리_잎_생것,16,1.7,0.21,2.95
치커리_적치커리_잎_생것,25,2.3,0.2,5.0
치커리_치콘_생것,14,1.19,0.25,2.62
칠면초_생것,27,2.7,0.3,5.0
케일_생것,26,3.11,0.24,4.61
케일_꽃케일_생것,33,3.3,0.2,6.5
케일_로얄채_생것,49,2.7,0.3,11.1
케일_적꽃케일_생것,31,3.1,0.3,5.8
케일_하우스_생것,22,2.0,0.3,4.2
콜라비_생것,22,1.16,0.05,5.16
콩나물_생것,36,4.64,1.36,3.8
콩나물_말린것,406,45.7,10.8,32.5
콩나물_분말화한것,409,45.4,11.6,31.7
콩나물_삶은것,33,4.52,1.51,2.55
콩나물_녹색콩나물_생것,27,4.2,0.9,2.7
콩잎_잎_생것,94,6.6,0.3,21.0
토란대_줄기_생것,16,0.28,0.05,4.25
토란대_줄기_말린것,261,7.4,1.1,65.5
토란대_줄기_데친것,20,0.4,,5.3
토란대_줄기_말린것을 데친것,20,0.5,0.1,4.9
토마토_생것,19,1.03,0.18,4.26
토마토_데친것,17,0.7,0.14,4.06
토마토_방울토마토_생것,25,1.0,0.13,6.02
토마토_유기재배_생것,17,0.9,0.1,3.9
토마토_흑토마토_생것,21,0.68,0.04,5.22
토마토_흑토마토_데친것,19,0.66,0.03,4.78
토마토_대저_생것,23,0.76,0.04,5.87
토마토_대저_데친것,26,0.94,0.06,6.5
토스카노(잎브로콜리)_생것,40,4.7,0.6,6.7
파_생것,29,1.2,0.2,6.7
파_골파_생것,29,1.5,0.2,6.5
파_실파_생것,16,1.5,0.1,3.2
파_쪽파_생것,21,1.73,0.14,4.24
파_대파_생것,23,1.78,0.15,4.8
파드득나물(삼엽채)_생것,25,1.8,0.1,5.5
파슬리_생것,20,2.36,0.26,3.37
파프리카(착색단고추)_노란색_생것,24,0.77,0.12,5.95
파프리카(착색단고추)_노란색_데친것,25,0.79,0.13,6.21
파프리카(착색단고추)_빨간색_생것,26,0.91,0.13,6.42
파프리카(착색단고추)_빨간색_데친것,28,0.92,0.13,6.91
파프리카(착색단고추)_주황색_생것,24,1.02,0.12,5.88
파프리카(착색단고추)_주황색_데친것,27,1.06,0.12,6.45
파프리카(착색단고추)_Raon yellow(미니파프리카)_노란색_생것,41,1.01,1.09,8.32
파프리카(착색단고추)_Raon red(미니파프리카)_빨간색_생것,41,1.07,0.94,8.49
파프리카(착색단고추)_Raon orange(미니파프리카)_주황색_생것,38,0.97,0.79,8.22
피망_빨간색_생것,28,1.17,0.09,6.94
피망_빨간색_데친것,33,1.24,0.11,8.18
피망_초록색_생것,22,0.9,0.04,5.36
피망_초록색_데친것,23,0.92,0.06,5.59
해바라기_싹_생것,9,2.2,0.1,0.9
호박_싹_생것,38,4.5,1.7,3.6
호박_잎_생것,45,4.83,0.38,8.43
호박_잎_데친것,32,3.09,0.34,6.14
호박_잎_찐것,49,4.84,0.49,9.19
호박_국수호박_생것,18,0.6,0.1,4.4
호박_국수호박_데친것,16,0.5,0.1,3.8
호박_늙은호박_생것,38,0.88,0.17,8.49
호박_늙은호박_말린것,333,7.6,2.42,72.33
호박_늙은호박_삶은것,24,0.6,0.13,5.23
호박_늙은호박_데친것,30,1.7,0.1,6.9
호박_늙은호박_찐것,40,1.09,0.14,8.88
호박_단호박_생것,57,1.19,0.65,13.63
호박_단호박_데친것,30,1.7,0.1,6.9
호박_단호박_찐것,66,1.72,0.84,15.45
호박_애호박_생것,22,1.07,0.09,5.14
호박_애호박_말린것,284,13.75,1.11,67.64
호박_애호박_데친것,21,1.05,0.1,4.88
호박_애호박_말린것을 데친것,31,2.24,0.26,6.54
호박_쥬키니_생것,23,1.02,0.1,5.54
호박_쥬키니_데친것,11,0.9,0.0,2.4
호박_차요테_하얀색_생것,19,0.61,0.33,4.27
호박_차요테_초록색_생것,21,0.59,0.46,4.37
홑잎나물_순_생것,96,4.77,0.84,21.59
홑잎나물_순_데친것,78,4.03,0.94,17.03
들깨_싹_생것,17,1.7,0.1,2.5
들깨_잎_생것,47,4.46,0.5,8.89
들깨_잎_데친것,32,3.93,0.6,4.8
들깨_잎_찐것,37,4.37,0.55,6.07
고구마_줄기(껍질 포함)_생것,23,0.88,0.03,4.96
고구마_줄기(껍질 포함)_데친것,22,0.74,0.06,4.65
고구마_줄기(껍질 포함)_삶아서 말린것을 삶은것,33,0.52,0.06,7.51
고구마_잎_생것,47,3.92,0.44,7.34
고구마_잎_데친것,41,3.44,0.62,5.8
고구마_줄기_생것,18,0.76,0.02,3.63
고구마_줄기_말린것,332,6.07,0.47,75.53
고구마_줄기_삶은것,14,0.45,0.05,2.88
고구마_줄기_데친것,17,0.59,0.05,3.64
고구마_줄기_삶아서 말린것을 삶은것,23,0.48,0.11,4.96
사탕무_생것,77,1.8,0.0,18.7
옥수수_순_생것,40,1.7,0.3,8.2
메밀_싹_생것,24,1.9,1.2,1.9
선인장_보검선인장_열매_생것,83,0.97,0.19,19.35
선인장_보검선인장_줄기_생것,34,1.03,0.12,7.15
선인장_저단선인장_열매_생것,91,0.8,0.38,21.0
선인장_저단선인장_줄기_생것,75,0.75,0.15,17.76
보리_순_분말화한것,314,26.6,4.8,58.5
보리_쌀보리_순_생것,24,2.0,0.3,4.6
보리_올보리_순_생것,66,3.1,1.1,13.9
보리_큰알보리_순_생것,24,2.91,0.27,3.99
보리_큰알보리_순_동결건조한것,283,28.3,3.39,51.96
호박즙_천연과즙,21,0.64,0.0,4.73
삼채_잎줄기_생것,23,1.55,0.13,4.99
삼채_잎줄기_데친것,28,2.04,0.27,5.77
삼채_뿌리_생것,49,0.77,0.04,12.15
삼채_잎_생것,24,1.95,0.2,4.8
삼채_줄기_생것,19,0.78,0.09,4.65
모시풀_잎_생것,64,6.61,0.71,11.85
모시풀_잎_삶은것,49,6.09,1.02,7.24
모시풀_재래종_잎_생것,51,4.4,1.36,8.13
퉁퉁마디환(함초환),262,9.28,6.14,52.6
배초향(방아)_잎_생것,55,4.87,0.46,11.13
쌈무_초절임_식초에 절인것,15,0.54,0.03,3.1
퉁퉁마디(함초)_노지_생것,19,1.4,0.15,3.97
퉁퉁마디(함초)_하우스_생것,19,1.34,0.15,4.13
구기자_재래종_순_생것,50,6.27,1.08,7.05
구기자_재래종_잎_생것,56,6.33,1.57,7.77
모링가_잎_생것,66,4.21,1.38,12.43
초석잠_뿌리_생것,76,2.3,0.56,17.0
삼붕냐와_생것,27,1.62,1.09,3.84
울금_뿌리줄기_생것,87,1.79,2.56,15.73
배암차즈기(곰보배추)_잎_생것,25,1.73,0.62,4.5
백합_뿌리_생것,118,3.34,1.52,24.91
루꼴라_생것,26,3.17,0.43,4.2
아티초크_생것,47,3.27,0.15,10.51
아티초크_얼린것,38,2.63,0.43,7.75
아티초크_삶은것,53,2.89,0.34,11.95
아티초크_얼린것을 삶은것,45,3.11,0.5,9.18
뽕잎_생것,65,6.28,0.5,12.82
뽕잎_삶아서 말린것,279,26.22,2.98,53.22
뽕잎_삶은것,48,4.86,0.53,9.0
뽕잎_삶아서 말린것을 삶은것,51,5.9,0.55,8.92
경수채_어린잎_생것,26,1.68,0.24,5.57
적양무_어린잎_생것,19,2.54,0.42,2.54
고려엉겅퀴(곤드레)_재배_말린것을 삶은 것,40,3.8,0.92,6.32
고추냉이_잎줄기_생것,27,1.93,0.41,5.35
더덕_뿌리_구운것(팬),86,3.45,0.74,18.17
마늘_구근_다진것,99,5.0,0.27,20.55
부추_솔부추_생것,21,1.58,0.25,4.32
부추_솔부추_데친것,24,1.53,0.35,4.81
상추_모스트청쌈_청쌍추_생것,15,1.6,0.3,2.36
상추_버터헤드_청쌍추_생것,11,1.05,0.18,2.09
호박_쥬키니_삶은것,12,0.82,0.07,2.52
검은비늘버섯_생것,13,1.8,0.1,4.5
검은비늘버섯_말린것,177,20.1,2.7,62.1
나도팽나무버섯_생것,16,2.4,0.0,5.7
나도팽나무버섯_말린것,182,23.6,0.5,66.1
노루궁뎅이버섯_생것,13,2.57,0.41,2.89
노루궁뎅이버섯_말린것,179,24.5,3.2,57.8
노루궁뎅이버섯_데친것,18,3.28,0.4,4.68
느타리버섯_생것,15,2.6,0.14,4.7
느타리버섯_말린것,189,25.1,3.9,60.72
느타리버섯_말린것(자연건조),182,25.36,2.98,58.92
느타리버섯_데친것,21,3.26,0.23,6.51
느타리버섯_노랑느타리버섯_생것,16,2.5,0.1,5.3
느타리버섯_분홍느타리버섯_생것,24,4.1,0.0,8.1
느타리버섯_여름느타리버섯_생것,21,4.4,0.1,6.0
느타리버섯_참타리버섯_생것,16,2.6,0.0,5.3
느타리버섯_참타리버섯_데친것,20,3.9,0.0,6.1
느타리버섯_청느타리버섯_생것,18,3.9,0.0,5.2
능이버섯(향버섯)_생것,17,2.2,0.1,5.9
동충하초_누에동충하초_생것,27,5.56,0.38,7.07
동충하초_누에동충하초_말린것,133,60.9,2.4,0.0
만가닥버섯_생것,19,2.5,0.34,6.34
만가닥버섯_데친것,19,2.73,0.35,6.07
목이버섯_생것,13,0.79,0.19,5.22
목이버섯_말린것,169,11.88,1.26,69.66
목이버섯_말린것(자연건조),183,14.1,1.99,72.78
목이버섯_데친것,13,1.15,0.23,4.84
목이버섯_흰백목이_생것,28,1.2,0.55,11.58
목이버섯_흰백목이_데친것,18,1.02,0.43,7.01
밤버섯_생것,17,2.9,0.9,3.5
버들송이버섯_생것,20,4.2,0.1,5.5
버들송이버섯_갓_말린것,191,23.3,4.7,61.6
버들송이버섯_줄기_말린것,183,14.3,2.7,71.1
뽕나무버섯_야생_갓_말린것,195,27.7,6.9,54.4
뽕나무버섯_야생_줄기_말린것,180,15.8,0.9,72.2
뽕나무버섯_재배_갓_말린것,192,24.4,5.7,58.6
뽕나무버섯_재배_줄기_말린것,182,12.8,0.6,76.6
상황버섯_말린것,179,4.4,0.27,84.58
상황버섯_추출,3,0.07,0.01,0.56
석이버섯_말린것,165,11.75,0.96,68.47
송이버섯_생것,21,2.05,0.15,8.12
송이버섯_데친것,22,2.15,0.24,8.51
싸리버섯_생것,20,2.8,0.6,5.7
싸리버섯_말린것,179,19.9,4.8,58.9
아위버섯_생것,26,3.53,0.4,8.56
아위버섯_데친것,27,3.62,0.43,8.69
애느타리버섯_생것,16,4.2,0.1,3.5
양송이버섯_생것,15,3.12,0.23,3.89
양송이버섯_분말화한것,176,33.39,3.57,46.49
양송이버섯_말린것(자연건조),166,40.82,3.52,34.09
양송이버섯_데친것,15,3.15,0.26,3.63
양송이버섯_갈색양송이_생것,15,3.73,0.2,3.24
양송이버섯_갈색양송이_데친것,14,2.94,0.31,3.5
영지버섯_말린것,187,9.41,1.4,81.03
영지버섯_추출,0,0.07,0.01,0.03
율무느타리버섯_생것,21,3.6,0.3,6.4
잎새버섯_생것,13,2.2,0.5,3.29
잎새버섯_데친것,16,2.26,0.57,4.46
큰느타리버섯(새송이버섯)_생것,20,2.92,0.23,6.54
큰느타리버섯(새송이버섯)_말린것,179,25.05,2.07,59.81
큰느타리버섯(새송이버섯)_분말화한것,184,25.09,2.51,61.4
큰느타리버섯(새송이버섯)_말린것(자연건조),171,26.23,2.09,54.68
큰느타리버섯(새송이버섯)_데친것,21,3.14,0.33,6.48
팽이버섯_생것,21,2.41,0.51,7.0
팽이버섯_데친것,20,2.6,0.39,6.43
팽이버섯_갈뫼_생것,18,2.0,0.0,6.9
팽이버섯_백로_생것,22,2.6,0.1,8.4
팽이버섯_야생_생것,18,1.4,0.7,6.1
팽이버섯_갈색팽이_생것,21,3.06,0.6,6.13
팽이버섯_갈색팽이_데친것,21,3.01,0.37,6.59
포타벨라_생것,16,3.3,0.1,4.6
표고버섯_분말화한것,186,18.84,2.54,68.25
표고버섯_갓_생것,26,4.44,0.32,8.03
표고버섯_갓_말린것,183,31.84,2.93,53.29
표고버섯_갓_데친것,21,4.71,0.3,4.98
표고버섯_갓_말린것을 삶은것,24,4.06,0.43,6.8
표고버섯_대_생것,39,4.59,0.33,14.02
표고버섯_대_말린것,180,21.14,1.61,65.35
표고버섯_대_데친것,32,3.25,0.24,12.36
표고버섯_대_말린것을 삶은것,31,2.91,0.34,11.8
표고버섯_전체_생것,31,3.9,0.38,10.84
표고버섯_전체_말린것,178,22.42,2.14,61.81
표고버섯_전체_말린것(자연건조),174,23.56,1.99,58.78
표고버섯_전체_데친것,25,3.0,0.34,8.63
표고버섯_전체_말린것을 삶은것,29,3.2,0.36,10.55
표고버섯_재배_생것,18,2.0,0.3,6.1
표고버섯_재배_말린것,178,18.1,3.1,63.7
표고버섯_재배_데친것,18,2.4,0.2,6.3
표고버섯_재배_말린것을 삶은것,35,3.0,0.7,13.0
풀버섯_생것,15,2.7,0.1,4.6
꽃송이버섯_생것,19,1.11,0.39,7.35
꽃송이버섯_말린것,182,15.18,4.14,66.49
꽃송이버섯_데친것,22,0.87,0.49,8.99
꽃송이버섯_말린것(자연건조),173,19.59,2.34,61.65
양송이버섯_말린것,180,31.34,2.59,53.02
감_탈삽_생것,59,0.5,0.1,16.9
감_단감_생것,51,0.41,0.04,13.66
감_대봉(갑주백묵)_생것,72,0.51,0.86,17.57
감_둥시_생것,71,0.6,0.1,18.8
감_둥시_말린것,223,1.59,0.05,60.45
감_연시_생것,65,0.29,0.04,17.76
감_연시_얼린것,66,0.0,0.04,18.36
감말랭이_말린것,255,1.94,0.16,68.61
곶감_말린것,214,1.93,0.08,57.45
구아바_생것,33,0.6,0.1,9.9
귤_한라봉_생것,50,0.99,0.11,12.8
귤_온주밀감_생것,39,0.53,0.1,10.04
귤_임온주_생것,43,1.0,0.1,10.8
귤_천혜향_생것,41,0.82,0.08,10.56
귤_궁천조생+노지_생것,39,0.29,0.16,10.16
귤_궁천조생+하우스_생것,42,0.69,0.09,10.78
귤_유라조생+하우스_생것,39,0.55,0.08,10.17
귤_일남1호_생것,33,0.49,0.08,8.48
귤_하례조생+노지_생것,37,0.4,0.08,9.74
귤_하례조생+하우스_생것,44,0.71,0.14,11.18
귤_흥진조생_생것,40,0.48,0.14,10.41
귤_레드향_생것,48,0.59,0.12,12.39
귤_황금향_생것,40,0.4,0.13,10.3
귤_신예감_생것,34,0.29,0.41,8.2
귤 주스_천연과즙,37,0.46,0.08,9.58
금귤_생것,73,1.19,0.13,18.77
다래_생것,67,1.6,0.4,16.2
대추_생것,105,1.45,0.1,27.56
대추_말린것,276,3.73,0.25,72.57
대추야자_말린것,281,2.2,0.2,71.3
두리안_생것,140,2.3,3.3,27.1
딸기_개량종_생것,36,0.8,0.2,8.9
딸기_개량종_말린것,329,0.5,0.2,82.8
딸기_설향_생것,34,0.7,0.07,8.5
딸기_재래종_생것,29,0.8,0.1,7.2
라임_생것,30,0.7,0.2,10.54
라임 주스_천연과즙,25,0.42,0.07,8.42
레몬_생것,36,0.71,0.08,9.27
롱안_생것,60,1.31,0.1,15.14
롱안_말린것,286,4.9,0.4,74.0
리치_생것,61,1.0,0.1,16.4
리치_얼린것,56,0.85,0.08,14.47
망고_생것,59,0.73,0.12,15.36
망고_애플망고_생것,52,0.65,0.2,13.27
매실_생것,41,1.1,1.1,7.8
매실_선암매_생것,39,1.2,0.7,8.0
매실_천매_생것,37,0.7,0.6,8.1
매실_남고_생것,26,0.94,0.77,6.24
매실 절임_당류에 절인것,216,1.86,0.52,51.08
매실 절임_소금에 절인것,29,0.9,0.7,8.6
머루_껍질+씨포함_생것,79,1.51,0.94,18.32
머루_개량종_껍질+씨포함_생것,83,1.6,1.83,17.27
머루_머스켓베일리에이_생것,76,0.34,0.75,18.96
머루_왕머루_껍질+씨포함_생것,87,1.58,1.27,19.67
멜론_감로_생것,21,0.5,0.1,5.1
멜론_머스크_생것,40,1.5,0.04,9.64
멜론_화이트_생것,38,0.7,0.1,9.6
모과_생것,78,0.7,0.4,20.0
무화과_승정도후인_생것,47,0.79,0.15,12.12
무화과_승정도후인_말린것,254,5.1,0.9,63.6
무화과_봉래시_생것,45,0.82,0.11,11.51
무화과_수입산_말린것,319,4.75,3.01,77.22
바나나_생것,77,1.11,0.2,20.0
바나나_말린것,314,3.8,0.4,78.5
배_생것,45,0.29,0.04,12.24
배_돌배_생것,46,0.3,0.1,12.3
배_돌배_껍질 포함_생것,48,0.4,0.1,12.8
배_백운배_생것,39,0.3,0.1,10.4
배_신고_생것,46,0.3,0.04,12.4
배_장심랑_생것,35,0.4,0.3,8.6
배_수입산(중국산)_생것,49,0.2,0.1,12.7
배_만풍_생것,44,0.26,0.04,11.98
배_원황_생것,46,0.29,0.04,12.34
배 과즙,38,0.23,0.0,10.33
버찌_생것,60,1.7,0.1,14.9
복분자_생것,88,1.52,2.2,17.96
복숭아_미숙_생것,48,1.8,0.7,10.0
복숭아_백도_생것,49,0.59,0.04,13.1
복숭아_천도_생것,32,0.93,0.05,7.85
복숭아_황도_생것,49,0.4,0.04,13.03
복숭아_천중도_생것,49,0.74,0.79,11.18
블랙베리_생것,43,0.67,1.13,8.69
블루베리_생것,43,0.5,0.12,11.11
블루베리_말린것,325,4.45,1.11,83.57
블루베리_얼린것,41,0.81,0.26,10.07
비파_생것,45,0.29,0.2,11.95
사과_생것,52,0.26,0.07,13.96
사과_부사_생것,53,0.2,0.07,14.28
사과_아오리_껍질제거_생것,52,0.27,0.04,14.16
사과_아오리_껍질 포함_생것,49,0.3,0.03,13.36
사과_홍옥_생것,58,0.21,0.55,14.65
산딸기_생것,55,1.35,0.22,13.55
산수유_열매_생것,112,0.87,2.82,23.83
산수유_과육_말린것,292,3.6,0.5,76.6
살구_생것,30,1.2,0.05,7.12
살구_말린것,258,2.97,0.24,68.32
석류_생것,77,0.29,0.2,20.71
소귀나무 열매_생것,24,0.8,0.6,4.6
수박_적육질_생것,31,0.79,0.05,7.83
수박_황육질_생것,36,0.65,0.05,9.26
산자나무 열매(씨벅톤)_생것,70,1.0,3.8,9.7
아떼모야_생것,73,1.2,0.1,19.0
아보카도_생것,160,2.0,14.66,8.53
아세로라_감미종_생것,36,0.7,0.1,9.0
앵두_생것,61,1.1,0.3,15.2
엘더베리_생것,73,0.66,0.5,18.4
오디_생것,56,0.8,0.4,14.0
오디_재래종_생것,54,2.6,0.3,12.0
오렌지_생것,47,1.15,0.11,11.86
오렌지_발렌시아_생것,48,1.37,0.05,11.91
오미자_생것,81,2.1,3.3,12.8
오미자_말린것,362,8.5,13.5,61.3
올리브 피클_숙과,121,0.8,12.3,3.4
올리브 피클_초록색,137,1.09,12.36,5.34
용과_백육종_생것,44,1.0,0.4,10.3
용과_적육종_생것,45,0.9,0.2,11.2
용과_황색종_생것,54,1.0,0.1,13.9
유자_전체_생것,49,0.93,0.09,12.54
유자_껍질_생것,55,1.02,0.09,14.21
유자_과육_생것,41,0.87,0.06,10.32
으름_생것,158,2.0,12.9,11.9
자두_생것,26,0.5,0.6,5.3
자두_말린것,240,2.18,0.38,63.88
자두_대석_생것,32,0.6,,8.4
자두_후무사_생것,44,0.64,0.05,11.47
자몽(그레이프프루트)_생것,32,0.84,0.05,7.92
참외_씨 제거_생것,45,1.33,0.04,11.23
참외_씨 포함_생것,48,1.19,0.29,11.67
크랜베리_생것,46,0.46,0.13,11.97
크랜베리_말린것에 당류를 가한것,314,0.25,0.58,85.73
키위_골드_생것,54,0.77,0.26,13.73
키위_그린_생것,66,0.93,0.63,16.08
탱자_생것,84,1.3,1.5,18.5
파인애플_생것,53,0.46,0.04,14.32
파파야_완숙_생것,40,0.7,0.08,10.24
파파야_미숙_생것,23,0.45,0.05,5.95
백향과(패션프루트)_생것,100,1.68,1.55,22.58
백향과(패션프루트) 주스_천연과즙,67,0.8,0.4,16.2
백향과(패션프루트) 주스_황색과육,60,0.67,0.18,14.45
백향과(패션프루트) 주스_자색과육,51,0.39,0.05,13.6
포도_말린것,297,2.64,0.53,78.89
포도_거봉_생것,60,0.4,0.27,15.73
포도_거봉_껍질 포함_생것,68,0.59,0.05,18.25
포도_델라웨어_생것,67,0.6,0.1,17.9
포도_마스캇함브르그_생것,66,0.5,0.2,17.3
포도_세레단_생것,58,0.6,0.1,15.4
포도_캠벨얼리_생것,57,0.5,0.1,15.08
포도_캠벨얼리_껍질+씨포함_생것,58,0.71,0.13,15.01
포도_캠벨얼리_껍질 포함_생것,51,0.61,0.05,13.59
포도_청포도(힘로드시드레스)_생것,47,0.41,0.03,12.63
포도_청포도(힘로드시드레스)_껍질 포함_생것,45,0.42,0.03,12.1
포도_청포도(샤인머스켓)_껍질 포함_생것,66,0.38,0.1,17.66
포도_나르샤_껍질 포함_생것,58,0.55,0.22,15.18
포도_두누리_생것,57,0.44,0.25,14.82
포도_레드글로브_껍질 포함_생것,57,0.4,0.24,14.91
포도_새마루_생것,54,0.46,0.15,14.28
포도_수옥_생것,69,0.2,0.18,18.5
포도_스텔라_껍질 포함_생것,50,0.7,0.16,12.75
포도_진옥_생것,52,0.45,0.08,13.88
포도_탄금추_생것,50,0.35,0.15,13.13
포도_탐나라_생것,49,0.4,0.06,13.14
포도_홍단_생것,59,0.37,0.13,15.75
포도_홍아람_생것,57,0.39,0.09,15.4
포도_홍이슬_생것,53,0.31,0.06,14.16
포도_홍주씨들레스_껍질 포함_생것,68,0.29,0.17,18.11
포도_흑구슬_생것,62,0.27,0.6,15.68
포도_흑보석_생것,52,0.3,0.15,13.9
포도_청포도(샤이니스타)_생것,76,0.49,0.22,20.2
포도_청포도(청수)_생것,65,0.33,0.07,17.48
포도즙_천연과즙,48,0.66,0.01,12.62
아로니아_네로_생것,60,0.82,0.21,15.41
아로니아_바이킹_얼린것,68,1.08,0.23,17.45
체리_생것,57,1.36,0.15,14.35
플럼코트_생것,47,0.61,1.05,9.97
꾸지뽕_열매_생것,74,1.74,2.16,13.82
라즈베리_생것,52,1.2,0.65,11.94
라즈베리_얼린것,56,1.15,0.81,12.55
망고스틴_생것,71,0.6,0.2,17.5
구즈베리_생것,51,1.0,0.1,13.2
블랙커런트_생것,63,1.4,0.41,15.38
애플수박_S-비너스_생것,40,0.94,0.81,8.39
구기자_재래종_열매_생것,69,4.5,2.04,10.23
잭프루트_생것,95,1.72,0.64,23.25
오렴자(카람볼라)_생것,30,0.7,0.1,7.5
마가목 열매_생것,115,1.3,0.8,25.5
보리밥 열매_말린것,354,18.5,1.3,68.5
사과_감홍_생것,51,0.34,0.08,13.74
사과_양광_생것,47,0.29,0.1,12.68
사과_동결건조,332,1.86,1.94,85.87
오렌지_네블_생것,47,0.92,0.16,11.81
거위고기_살코기_생것,161,22.75,7.13,0.0
거위고기_살코기_구운것,238,28.97,12.67,0.0
거위 부산물_간_생것,133,16.37,4.28,6.32
고래고기_생것,111,26.5,0.5,0.0
꿩고기_숫꿩_생것,124,27.5,0.8,0.0
꿩고기_암꿩_생것,120,27.2,0.6,0.0
닭고기_구운것,247,27.8,12.6,2.8
닭고기_가슴(껍질 제거)_생것,106,22.97,0.97,0.0
닭고기_가슴(껍질 제거)_삶은것,127,28.09,0.93,0.0
닭고기_가슴(껍질 제거)_구운것(팬),164,35.47,1.48,0.0
닭고기_날개_생것,178,18.78,10.53,0.0
닭고기_날개_삶은것,233,25.1,13.54,0.0
닭고기_날개_구운것(오븐),244,26.36,14.08,0.0
닭고기_넓적다리_생것,190,18.59,11.83,0.0
닭고기_넓적다리_삶은것,230,25.14,13.18,0.0
닭고기_넓적다리_구운것(팬),238,26.33,13.53,0.0
닭고기_목_생것,342,15.05,29.58,0.0
닭고기_아랫다리_생것,154,19.41,7.67,0.0
닭고기_아랫다리_삶은것,189,24.34,9.17,0.0
닭고기_아랫다리_구운것(오븐),215,28.88,9.92,0.0
닭고기_전체_튀긴것,274,23.9,17.1,6.1
닭고기_살코기_생것,115,24.0,1.4,0.1
닭고기_살코기_삶은것,142,27.8,2.6,0.1
닭고기_성계_생것,180,19.0,10.6,0.1
닭고기_영계_삶은것,251,26.1,15.0,0.0
닭고기_오골계_생것,138,19.0,6.1,0.1
닭고기_토종_생것,118,22.0,2.6,0.2
닭고기_토종_가슴,106,23.1,0.7,0.5
닭고기_토종_날개,122,20.4,3.5,0.8
닭고기_토종_껍질,351,12.6,31.6,0.0
닭고기_토종_다리,130,18.9,4.9,0.9
닭고기_토종_살코기,108,20.0,1.3,2.8
닭 부산물_모래주머니_생것,84,16.87,1.41,0.0
닭 부산물_모래주머니_구운것(오븐),132,26.78,2.0,0.0
닭 부산물_간_생것,125,15.63,5.32,2.25
닭 부산물_간_삶은것,165,22.45,7.04,1.0
닭 부산물_심장(염통)_생것,149,13.98,9.61,0.0
닭 부산물_심장(염통)_삶은것,178,23.25,8.54,0.0
닭 부산물_발_삶은것,191,16.94,12.75,0.0
닭 부산물_닭발_생것,199,17.64,13.27,0.0
닭 부산물_간_구운것(팬),154,18.54,6.53,3.58
닭 부산물_심장(염통)_구운것(팬),216,24.44,11.98,0.0
닭 육수,12,1.3,0.7,0.0
닭 부산물_닭발_육수,4,0.25,0.28,0.0
돼지고기_뒷다리_생것,135,20.88,4.97,0.0
돼지고기_뒷다리_삶은것,211,30.63,8.7,0.0
돼지고기_뒷다리_구운것(팬),212,30.21,8.93,0.0
돼지고기_삼겹살(삼겹살)_생것,392,13.27,35.7,0.0
돼지고기_삼겹살(삼겹살)_삶은것,427,19.58,36.64,0.0
돼지고기_삼겹살(삼겹살)_구운것(팬),484,22.78,41.2,0.0
돼지고기_뒷다리(도가니살)_생것,130,21.29,4.23,0.0
돼지고기_뒷다리(뒷사태살)_생것,135,20.51,5.11,0.0
돼지고기_뒷다리(보섭살)_생것,138,21.13,5.14,0.0
돼지고기_뒷다리(볼기살)_생것,133,20.79,4.81,0.0
돼지고기_뒷다리(설깃살)_생것,139,20.9,5.39,0.0
돼지고기_뒷다리(홍두깨살)_생것,136,20.03,5.44,0.0
돼지고기_등심(등심덧살)_생것,203,17.51,13.74,0.0
돼지고기_등심(알등심살)_생것,145,22.9,5.13,0.0
돼지고기_앞다리(앞사태살)_생것,132,20.82,4.68,0.0
돼지고기_삼겹살(갈매기살)_생것,190,17.92,12.16,0.0
돼지고기_삼겹살(등갈비)_생것,237,17.88,17.19,0.0
돼지고기_삼겹살(토시살)_생것,141,20.46,5.82,0.0
돼지고기_삼겹살(오돌삼겹)_생것,325,17.12,26.89,0.0
돼지고기_앞다리(항정살)_생것,307,17.98,24.52,0.0
돼지고기_앞다리(주걱살)_생것,144,20.49,6.13,0.0
돼지고기_등심(등심살)_생것,135,24.03,3.6,0.0
돼지고기_삼겹살_생것,372,13.9,33.31,0.0
돼지고기_갈비_생것,236,17.77,17.06,0.0
돼지고기_갈비_삶은것,296,26.51,19.54,0.0
돼지고기_갈비_구운것(팬),270,24.83,17.59,0.0
돼지고기_등심_생것,142,23.33,4.58,0.0
돼지고기_등심_삶은것,204,35.08,5.94,0.0
돼지고기_등심_구운것(팬),184,32.06,5.18,0.0
돼지고기_목심(목심살)_생것,227,17.21,16.36,0.0
돼지고기_목심(목심살)_삶은것,282,25.43,18.56,0.0
돼지고기_목심(목심살)_구운것(팬),264,24.06,17.23,0.0
돼지고기_사태_생것,156,19.78,7.72,0.0
돼지고기_사태_삶은것,203,29.14,8.46,0.0
돼지고기_사태_구운것(팬),212,28.47,9.74,0.0
돼지고기_살코기_생것,203,19.45,12.84,0.0
돼지고기_안심(안심살)_생것,123,22.21,3.15,0.0
돼지고기_안심(안심살)_삶은것,177,32.32,4.31,0.0
돼지고기_안심(안심살)_구운것(팬),172,30.23,4.76,0.0
돼지고기_앞다리_생것,159,20.21,7.87,0.0
돼지고기_앞다리(꾸리살)_생것,135,18.83,5.91,0.0
돼지고기_앞다리(부채살)_생것,152,20.09,7.18,0.0
돼지고기_앞다리(앞다리살)_생것,161,20.56,7.92,0.0
돼지고기_앞다리(수육용)_생것,274,17.46,21.32,0.0
돼지고기_앞다리(수육용)_삶은것,310,27.47,20.63,0.0
돼지 부산물_대장_생것,227,8.7,20.2,0.0
돼지 부산물_대장_삶은것,166,11.7,13.8,0.0
돼지 부산물_맹장_생것,371,10.8,34.6,0.0
돼지 부산물_비장_생것,85,18.0,1.0,0.0
돼지 부산물_위(오소리감투)_생것,112,17.3,4.1,0.0
돼지 부산물_위(오소리감투)_삶은것,175,22.36,8.62,0.0
돼지 부산물_직장_생것,344,9.9,32.1,0.0
돼지 부산물_췌장_생것,154,20.7,7.1,0.0
돼지 부산물_간_생것,134,21.39,3.65,2.47
돼지 부산물_간_삶은것,173,28.06,4.8,2.41
돼지 부산물_소장(곱창)_생것,182,7.64,16.61,0.0
돼지 부산물_소장(곱창)_삶은것,217,15.48,16.12,0.0
돼지 부산물_신장_생것,110,16.7,3.7,1.2
돼지 부산물_신장_삶은것,151,25.4,4.7,0.0
돼지 부산물_심장(염통)_생것,118,17.27,4.36,1.33
돼지 부산물_심장(염통)_삶은것,174,25.58,7.04,0.0
돼지 부산물_자궁_생것,73,15.4,0.8,0.0
돼지 부산물_족발_생것,212,23.16,12.59,0.0
돼지 부산물_족발_삶은것,238,21.94,16.05,0.0
돼지 부산물_허파_생것,85,14.08,2.72,0.0
돼지 부산물_허파_삶은것,92,15.56,2.78,0.0
돼지 부산물_머리고기_삶은것,363,17.52,30.67,0.0
메추리고기_생것,194,20.5,12.9,0.1
멧돼지고기_생것,249,18.8,19.8,0.5
멧돼지고기_앞다리_생것,191,21.5,10.7,0.0
소고기_수입산(미국산)_설도_구운것(석쇠),164,28.45,4.67,0.0
소고기_수입산(미국산)_갈비_구운것(오븐),400,22.57,33.7,0.0
소고기_수입산(미국산)_목심(목심살)_생것,268,16.98,21.31,0.97
소고기_수입산(미국산)_목심(목심살)_삶은것,359,26.37,27.26,0.0
소고기_수입산(미국산)_사태_끓인것,201,33.68,6.36,0.0
소고기_수입산(미국산)_안심(안심살)_구운것,267,26.46,17.12,0.0
소고기_한우_양지_생것,253,18.58,18.59,0.0
소고기_한우_양지_삶은것,272,33.09,14.05,0.0
소고기_한우_양지_구운것(팬),309,25.6,21.32,0.0
소고기_한우_갈비_생것,307,16.5,24.4,1.9
소고기_한우_등심_생것,313,15.61,26.3,0.0
소고기_한우_등심_삶은것,357,25.2,26.63,0.0
소고기_한우_등심_구운것(팬),400,18.9,33.99,0.0
소고기_한우_채끝(채끝살)_생것,126,17.1,5.6,0.2
소고기_한우(1++등급)_설도_생것,217,19.63,14.21,0.0
소고기_한우(1++등급)_설도(보섭살)_생것,218,20.24,14.05,0.0
소고기_한우(1++등급)_설도(설깃살)_생것,223,19.74,14.85,0.0
소고기_한우(1++등급)_우둔(우둔살)_생것,191,20.39,11.17,0.0
소고기_한우(1++등급)_우둔(홍두깨살)_생것,189,20.44,10.87,0.0
소고기_한우(1++등급)_양지_생것,288,16.81,23.08,0.0
소고기_한우(1++등급)_양지(양지머리)_생것,213,19.88,13.75,0.0
소고기_한우(1++등급)_양지(업진살)_생것,413,12.64,38.19,0.0
소고기_한우(1++등급)_갈비(꽃갈비)_생것,424,12.62,39.35,0.0
소고기_한우(1++등급)_갈비(본갈비)_생것,376,14.64,33.38,0.0
소고기_한우(1++등급)_갈비(안창살)_생것,313,14.57,26.73,0.0
소고기_한우(1++등급)_갈비(제비추리)_생것,202,20.04,12.49,0.0
소고기_한우(1++등급)_갈비(참갈비)_생것,415,12.17,38.65,0.0
소고기_한우(1++등급)_갈비(토시살)_생것,273,16.46,21.62,0.0
소고기_한우(1++등급)_등심(꽃등심살)_생것,365,15.44,31.86,0.0
소고기_한우(1++등급)_등심(살치살)_생것,363,14.73,31.96,0.0
소고기_한우(1++등급)_등심(아래등심살)_생것,348,16.23,29.73,0.0
소고기_한우(1++등급)_등심(윗등심살)_생것,335,16.03,28.46,0.0
소고기_한우(1++등급)_사태(뒷사태)_생것,178,21.41,9.31,0.0
소고기_한우(1++등급)_사태(뭉치사태)_생것,167,22.45,7.7,0.0
소고기_한우(1++등급)_사태(상박살)_생것,222,20.22,14.55,0.0
소고기_한우(1++등급)_사태(아롱사태)_생것,233,21.76,15.03,0.0
소고기_한우(1++등급)_사태(앞사태)_생것,159,20.86,7.58,0.0
소고기_한우(1++등급)_설도(도가니살)_생것,175,20.28,9.47,0.0
소고기_한우(1++등급)_설도(삼각살)_생것,304,16.89,24.76,0.0
소고기_한우(1++등급)_설도(설깃머리살)_생것,245,17.85,18.03,0.0
소고기_한우(1++등급)_앞다리(갈비덧살)_생것,224,19.17,15.21,0.0
소고기_한우(1++등급)_앞다리(부채덮개살)_생것,185,21.26,10.1,0.0
소고기_한우(1++등급)_양지(앞치마살)_생것,351,14.29,30.9,0.0
소고기_한우(1++등급)_양지(업진안살)_생것,321,15.43,27.21,0.0
소고기_한우(1++등급)_양지(차돌박이)_생것,342,14.12,29.96,0.0
소고기_한우(1++등급)_양지(치마살)_생것,275,16.37,21.84,0.0
소고기_한우(1++등급)_양지(치마양지)_생것,253,18.04,18.82,0.0
소고기_한우(1++등급)_우둔_생것,191,20.4,11.11,0.0
소고기_한우(1++등급)_갈비_생것,406,13.86,36.93,0.0
소고기_한우(1++등급)_등심_생것,349,15.76,30.03,0.0
소고기_한우(1++등급)_목심(목심살)_생것,217,20.24,13.96,0.0
소고기_한우(1++등급)_사태_생것,174,21.37,8.91,0.0
소고기_한우(1++등급)_살코기_생것,269,17.88,20.6,0.0
소고기_한우(1++등급)_안심(안심살)_생것,268,17.4,20.63,0.0
소고기_한우(1++등급)_앞다리_생것,222,18.9,15.12,0.0
소고기_한우(1++등급)_앞다리(꾸리살)_생것,192,19.58,11.58,0.0
소고기_한우(1++등급)_채끝(채끝살)_생것,360,16.48,30.84,0.0
소고기_한우(1++등급)_앞다리(부채살)_생것,285,17.02,22.64,0.0
소고기_한우(1++등급)_앞다리(앞다리살)_생것,213,18.93,14.19,0.0
소고기_한우(3등급)_설도(보섭살)_생것,108,22.2,1.5,0.0
소고기_한우(3등급)_설도(설깃살)_생것,103,22.2,1.0,0.0
소고기_한우(3등급)_우둔(우둔살)_생것,107,22.8,1.1,0.0
소고기_한우(3등급)_우둔(홍두깨살)_생것,104,22.5,1.0,0.0
소고기_한우(3등급)_양지(양지머리)_생것,104,21.4,1.5,0.0
소고기_한우(3등급)_양지(업진살)_생것,111,21.7,2.1,0.0
소고기_한우(3등급)_등심_생것,117,21.3,2.9,0.0
소고기_한우(3등급)_목심(목심살)_생것,102,21.4,1.2,0.0
소고기_한우(3등급)_앞다리(꾸리살)_생것,102,21.5,1.2,0.0
소고기_한우(3등급)_채끝(채끝살)_생것,113,22.4,2.0,0.0
소고기_한우(1등급)_설도_생것,183,20.98,10.06,0.0
소고기_한우(1등급)_설도(보섭살)_생것,163,21.75,7.57,0.0
소고기_한우(1등급)_설도(설깃살)_생것,204,21.09,12.22,0.0
소고기_한우(1등급)_우둔(우둔살)_생것,166,23.08,7.29,0.0
소고기_한우(1등급)_우둔(홍두깨살)_생것,146,22.66,5.38,0.0
소고기_한우(1등급)_양지_생것,248,20.21,17.27,0.0
소고기_한우(1등급)_양지(양지머리)_생것,198,21.16,11.55,0.0
소고기_한우(1등급)_양지(업진살)_생것,291,19.34,22.22,0.0
소고기_한우(1등급)_갈비(꽃갈비)_생것,396,15.35,35.25,0.0
소고기_한우(1등급)_갈비(본갈비)_생것,312,16.94,25.61,0.0
소고기_한우(1등급)_갈비(안창살)_생것,293,15.46,24.16,0.0
소고기_한우(1등급)_갈비(제비추리)_생것,178,21.95,9.06,0.0
소고기_한우(1등급)_갈비(참갈비)_생것,404,15.89,35.76,0.0
소고기_한우(1등급)_갈비(토시살)_생것,271,19.63,20.02,0.0
소고기_한우(1등급)_등심(꽃등심살)_생것,336,17.76,27.73,0.0
소고기_한우(1등급)_등심(살치살)_생것,319,16.68,26.39,0.0
소고기_한우(1등급)_등심(아래등심살)_생것,263,17.79,19.95,0.0
소고기_한우(1등급)_등심(윗등심살)_생것,309,20.05,23.89,0.0
소고기_한우(1등급)_사태(뒷사태)_생것,161,22.93,6.84,0.0
소고기_한우(1등급)_사태(뭉치사태)_생것,147,24.04,4.86,0.0
소고기_한우(1등급)_사태(상박살)_생것,185,21.38,10.06,0.0
소고기_한우(1등급)_사태(아롱사태)_생것,237,21.47,15.55,0.0
소고기_한우(1등급)_사태(앞사태)_생것,147,23.1,5.24,0.0
소고기_한우(1등급)_설도(도가니살)_생것,163,20.37,8.14,0.0
소고기_한우(1등급)_설도(삼각살)_생것,225,21.01,14.52,0.0
소고기_한우(1등급)_설도(설깃머리살)_생것,197,20.22,11.84,0.0
소고기_한우(1등급)_앞다리(갈비덧살)_생것,187,20.39,10.73,0.0
소고기_한우(1등급)_앞다리(부채덮개살)_생것,150,21.39,6.34,0.0
소고기_한우(1등급)_양지(앞치마살)_생것,292,18.69,22.65,0.0
소고기_한우(1등급)_양지(업진안살)_생것,269,17.76,20.62,0.0
소고기_한우(1등급)_양지(차돌박이)_생것,408,16.45,35.94,0.0
소고기_한우(1등급)_양지(치마살)_생것,216,20.43,13.75,0.0
소고기_한우(1등급)_양지(치마양지)_생것,193,22.27,10.57,0.0
소고기_한우(1등급)_우둔_생것,162,23.0,6.92,0.0
소고기_한우(1등급)_갈비_생것,376,16.78,32.39,0.0
소고기_한우(1등급)_등심_생것,309,18.6,24.45,0.0
소고기_한우(1등급)_목심(목심살)_생것,204,21.6,12.04,0.0
소고기_한우(1등급)_사태_생것,157,23.06,6.39,0.0
소고기_한우(1등급)_살코기_생것,233,20.22,15.7,0.0
소고기_한우(1등급)_안심(안심살)_생것,205,19.17,13.14,0.0
소고기_한우(1등급)_앞다리_생것,188,21.15,10.49,0.0
소고기_한우(1등급)_앞다리(꾸리살)_생것,157,20.61,7.43,0.0
소고기_한우(1등급)_채끝(채끝살)_생것,230,17.59,16.51,0.0
소고기_한우(1등급)_앞다리(부채살)_생것,253,20.7,17.64,0.0
소고기_한우(1등급)_앞다리(앞다리살)_생것,179,21.53,9.38,0.0
소고기_한우(1+등급)_설도_생것,191,20.82,10.96,0.0
소고기_한우(1+등급)_설도(보섭살)_생것,179,21.82,9.21,0.0
소고기_한우(1+등급)_설도(설깃살)_생것,207,21.5,12.38,0.0
소고기_한우(1+등급)_우둔(우둔살)_생것,183,22.68,9.32,0.0
소고기_한우(1+등급)_우둔(홍두깨살)_생것,160,21.61,7.31,0.0
소고기_한우(1+등급)_양지_생것,273,17.77,21.09,0.0
소고기_한우(1+등급)_양지(양지머리)_생것,197,19.77,12.11,0.0
소고기_한우(1+등급)_양지(업진살)_생것,335,15.09,28.85,0.0
소고기_한우(1+등급)_갈비(꽃갈비)_생것,391,14.7,36.43,0.0
소고기_한우(1+등급)_갈비(본갈비)_생것,388,14.69,34.65,0.0
소고기_한우(1+등급)_갈비(안창살)_생것,313,15.25,26.4,0.0
소고기_한우(1+등급)_갈비(제비추리)_생것,187,21.13,10.45,0.0
소고기_한우(1+등급)_갈비(참갈비)_생것,373,14.82,32.98,0.0
소고기_한우(1+등급)_갈비(토시살)_생것,269,15.69,21.52,0.0
소고기_한우(1+등급)_등심(꽃등심살)_생것,342,17.1,28.72,0.0
소고기_한우(1+등급)_등심(살치살)_생것,351,13.53,31.28,0.0
소고기_한우(1+등급)_등심(아래등심살)_생것,297,18.23,23.34,0.0
소고기_한우(1+등급)_등심(윗등심살)_생것,339,16.98,28.45,0.0
소고기_한우(1+등급)_사태(뒷사태)_생것,153,20.57,7.01,0.0
소고기_한우(1+등급)_사태(뭉치사태)_생것,138,21.89,4.85,0.0
소고기_한우(1+등급)_사태(상박살)_생것,211,20.12,13.38,0.0
소고기_한우(1+등급)_사태(아롱사태)_생것,241,20.6,16.38,0.0
소고기_한우(1+등급)_사태(앞사태)_생것,153,22.05,6.41,0.0
소고기_한우(1+등급)_설도(도가니살)_생것,171,20.02,9.18,0.0
소고기_한우(1+등급)_설도(삼각살)_생것,211,19.38,13.74,0.0
소고기_한우(1+등급)_설도(설깃머리살)_생것,211,19.2,13.81,0.0
소고기_한우(1+등급)_앞다리(갈비덧살)_생것,215,18.61,14.51,0.0
소고기_한우(1+등급)_앞다리(부채덮개살)_생것,161,20.7,7.85,0.0
소고기_한우(1+등급)_양지(앞치마살)_생것,297,17.38,23.81,0.0
소고기_한우(1+등급)_양지(업진안살)_생것,305,18.09,24.35,0.0
소고기_한우(1+등급)_양지(차돌박이)_생것,484,11.16,46.45,0.0
소고기_한우(1+등급)_양지(치마살)_생것,241,17.64,17.69,0.0
소고기_한우(1+등급)_양지(치마양지)_생것,217,20.81,13.71,0.0
소고기_한우(1+등급)_우둔_생것,179,22.47,8.92,0.0
소고기_한우(1+등급)_갈비_생것,388,15.5,34.29,0.0
소고기_한우(1+등급)_등심_생것,333,16.87,27.84,0.0
소고기_한우(1+등급)_목심(목심살)_생것,227,20.83,14.75,0.0
소고기_한우(1+등급)_사태_생것,156,21.29,7.06,0.0
소고기_한우(1+등급)_살코기_생것,251,19.01,18.18,0.0
소고기_한우(1+등급)_안심(안심살)_생것,210,20.69,13.03,0.0
소고기_한우(1+등급)_앞다리_생것,200,19.72,12.37,0.0
소고기_한우(1+등급)_앞다리(꾸리살)_생것,189,19.04,11.51,0.0
소고기_한우(1+등급)_채끝(채끝살)_생것,314,17.92,25.29,0.0
소고기_한우(1+등급)_앞다리(부채살)_생것,251,17.42,18.84,0.0
소고기_한우(1+등급)_앞다리(앞다리살)_생것,188,20.74,10.71,0.0
소고기_한우(2등급)_설도_생것,173,21.17,8.85,0.0
소고기_한우(2등급)_설도(보섭살)_생것,168,21.26,8.33,0.0
소고기_한우(2등급)_설도(설깃살)_생것,165,21.43,7.95,0.0
소고기_한우(2등급)_우둔(우둔살)_생것,157,22.14,6.73,0.0
소고기_한우(2등급)_우둔(홍두깨살)_생것,138,22.35,4.69,0.0
소고기_한우(2등급)_양지_생것,232,19.37,15.99,0.0
소고기_한우(2등급)_양지(양지머리)_생것,198,20.35,11.91,0.0
소고기_한우(2등급)_양지(업진살)_생것,298,17.43,23.86,0.0
소고기_한우(2등급)_갈비(꽃갈비)_생것,313,17.35,25.48,0.0
소고기_한우(2등급)_갈비(본갈비)_생것,310,16.65,25.5,0.0
소고기_한우(2등급)_갈비(안창살)_생것,238,16.63,17.79,0.0
소고기_한우(2등급)_갈비(제비추리)_생것,172,21.53,8.58,0.0
소고기_한우(2등급)_갈비(참갈비)_생것,291,17.73,22.98,0.0
소고기_한우(2등급)_갈비(토시살)_생것,260,18.25,19.42,0.0
소고기_한우(2등급)_등심(꽃등심살)_생것,301,17.12,24.34,0.0
소고기_한우(2등급)_등심(살치살)_생것,274,17.19,21.44,0.0
소고기_한우(2등급)_등심(아래등심살)_생것,246,20.04,17.21,0.0
소고기_한우(2등급)_등심(윗등심살)_생것,272,18.43,20.63,0.0
소고기_한우(2등급)_사태(뒷사태)_생것,158,21.75,7.06,0.0
소고기_한우(2등급)_사태(뭉치사태)_생것,145,23.25,5.0,0.0
소고기_한우(2등급)_사태(상박살)_생것,174,21.05,9.09,0.0
소고기_한우(2등급)_사태(아롱사태)_생것,221,21.77,13.69,0.0
소고기_한우(2등급)_사태(앞사태)_생것,148,21.08,6.28,0.0
소고기_한우(2등급)_설도(도가니살)_생것,168,21.56,8.2,0.0
소고기_한우(2등급)_설도(삼각살)_생것,202,20.36,12.31,0.0
소고기_한우(2등급)_설도(설깃머리살)_생것,200,19.72,12.36,0.0
소고기_한우(2등급)_앞다리(갈비덧살)_생것,174,20.6,9.3,0.0
소고기_한우(2등급)_앞다리(부채덮개살)_생것,156,22.84,6.36,0.0
소고기_한우(2등급)_양지(앞치마살)_생것,254,18.31,18.74,0.0
소고기_한우(2등급)_양지(업진안살)_생것,224,18.69,15.38,0.0
소고기_한우(2등급)_양지(차돌박이)_생것,326,16.06,27.39,0.0
소고기_한우(2등급)_양지(치마살)_생것,206,19.05,13.32,0.0
소고기_한우(2등급)_양지(치마양지)_생것,182,21.82,9.52,0.0
소고기_한우(2등급)_우둔_생것,153,22.18,6.33,0.0
소고기_한우(2등급)_갈비_생것,306,18.02,24.41,0.0
소고기_한우(2등급)_등심_생것,275,18.25,21.06,0.0
소고기_한우(2등급)_목심(목심살)_생것,194,20.17,11.6,0.0
소고기_한우(2등급)_사태_생것,155,21.77,6.73,0.0
소고기_한우(2등급)_살코기_생것,214,19.99,13.78,0.0
소고기_한우(2등급)_안심(안심살)_생것,207,19.84,13.11,0.0
소고기_한우(2등급)_앞다리_생것,174,21.11,9.07,0.0
소고기_한우(2등급)_앞다리(꾸리살)_생것,163,20.57,8.07,0.0
소고기_한우(2등급)_채끝(채끝살)_생것,245,20.35,16.9,0.0
소고기_한우(2등급)_앞다리(부채살)_생것,219,19.93,14.36,0.0
소고기_한우(2등급)_앞다리(앞다리살)_생것,164,21.44,7.85,0.0
소 부산물_선지(피)_생것,51,10.1,0.0,2.2
소 부산물_양(위)_생것,61,9.9,2.0,0.1
소 부산물_양(위)_삶은것,166,24.5,8.4,0.0
소 부산물_천엽_생것,57,11.7,1.3,0.0
소 부산물_간_생것,135,20.36,3.63,3.89
소 부산물_간_삶은것,191,29.08,5.26,5.13
소 부산물_간_구운것(팬),175,26.52,4.68,5.16
소 부산물_골_생것,123,9.3,8.2,1.7
소 부산물_꼬리_생것,252,17.4,19.0,0.0
소 부산물_소장(곱창)_생것,145,9.0,11.3,0.1
소 부산물_신장_생것,99,17.4,3.09,0.29
소 부산물_신장_삶은것,158,27.27,4.65,0.0
소 부산물_심장(염통)_생것,112,17.72,3.94,0.14
소 부산물_심장(염통)_삶은것,165,28.48,4.73,0.15
소 부산물_허파_생것,92,16.2,2.5,0.0
소 부산물_허파_삶은것,120,20.4,3.7,0.0
소 부산물_혀_생것,191,13.0,14.5,0.0
양지국물,4,1.0,0.0,0.0
우족국물_중량3배물,2,0.3,0.1,0.0
잡뼈국물,28,4.3,1.0,0.0
송아지고기_수입산(미국산)_갈비_생것,162,18.86,9.01,0.0
송아지고기_수입산(미국산)_갈비_삶은것,251,32.43,12.53,0.0
송아지고기_수입산(미국산)_갈비_구운것,228,23.96,13.96,0.0
송아지고기_수입산(미국산)_등심_생것,177,20.07,10.07,0.07
송아지고기_수입산(미국산)_등심_삶은것,284,30.19,17.21,0.0
송아지고기_수입산(미국산)_등심_구운것,217,24.8,12.32,0.0
송아지고기_수입산(미국산)_살코기_생것,105,20.04,2.16,0.0
송아지고기_수입산(미국산)_살코기_삶은것,201,35.73,5.33,0.0
송아지고기_수입산(미국산)_어깨_생것,132,19.34,5.44,0.0
송아지고기_수입산(미국산)_어깨_삶은것,236,33.63,10.24,0.0
송아지고기_수입산(미국산)_어깨_구운것,183,25.46,8.25,0.0
송아지고기_수입산(미국산)_채끝(채끝살)_생것,152,19.07,7.81,0.0
송아지고기_수입산(미국산)_채끝(채끝살)_삶은것,252,31.26,13.14,0.0
송아지고기_수입산(미국산)_채끝(채끝살)_구운것(오븐),202,25.14,10.45,0.0
송아지 부산물_수입산(미국산)_간_생것,140,19.93,4.85,2.91
송아지 부산물_수입산(미국산)_간_삶은것,192,28.42,6.26,3.77
송아지 부산물_수입산(미국산)_골_생것,118,10.32,8.21,0.0
송아지 부산물_수입산(미국산)_골_삶은것,136,11.48,9.63,0.0
송아지 부산물_수입산(미국산)_신장_생것,99,15.76,3.12,0.85
송아지 부산물_수입산(미국산)_신장_삶은것,163,26.32,5.66,0.0
송아지 부산물_수입산(미국산)_심장(염통)_생것,110,17.18,3.98,0.08
송아지 부산물_수입산(미국산)_심장(염통)_삶은것,186,29.12,6.75,0.13
송아지 부산물_수입산(미국산)_허파_생것,90,16.3,2.3,0.0
송아지 부산물_수입산(미국산)_허파_삶은것,104,18.74,2.64,0.0
송아지 부산물_수입산(미국산)_혀_생것,131,17.18,5.48,1.91
송아지 부산물_수입산(미국산)_혀_삶은것,202,25.85,10.1,0.0
양고기_외국산_다리_생것,205,18.8,15.3,0.1
어린양고기_수입산(미국산)_갈비_생것,372,14.52,34.39,0.0
어린양고기_수입산(미국산)_갈비_구운것(오븐),359,21.12,29.82,0.0
어린양고기_수입산(미국산)_다리_생것,201,18.58,13.49,0.0
어린양고기_수입산(미국산)_다리_구운것(오븐),225,26.41,12.45,0.0
어린양고기_수입산(미국산)_살코기_생것,143,20.88,5.94,0.0
어린양고기_수입산(미국산)_어깨_생것,264,16.58,21.45,0.0
어린양고기_수입산(미국산)_어깨_삶은것,344,28.68,24.55,0.0
어린양고기_수입산(미국산)_어깨_구운것(오븐),276,22.51,19.97,0.0
어린양 부산물_수입산(미국산)_간_생것,139,20.38,5.02,1.78
어린양 부산물_수입산(미국산)_간_삶은것,220,30.57,8.81,2.53
염소고기_생것,181,19.88,10.31,0.0
염소고기_삶은것,251,29.39,13.51,0.0
염소고기_외국산_생것,99,21.9,1.5,0.2
오리고기_껍질 포함_생것,249,16.63,18.99,0.0
오리고기_살코기_생것,117,21.0,3.07,0.0
오리고기_껍질 포함_삶은것,277,28.74,16.58,0.0
오리고기_껍질 포함_구운것(팬),308,28.98,19.76,0.0
자라고기_외국산_생것,175,16.4,13.4,0.5
칠면조고기_수입산(미국산)_생것,144,21.64,5.64,0.13
칠면조고기_수입산(미국산)_구운것,189,28.55,7.39,0.06
토끼고기_살코기_생것,161,20.97,7.68,0.0
토끼고기_살코기_삶은것,203,28.23,8.87,0.0
토끼고기_집토끼_생것,135,21.7,4.4,0.6
토끼고기_집토끼_끓인것,173,33.02,3.51,0.0
말고기_살코기_생것,102,20.1,2.5,0.3
거위알_생것,193,13.2,14.1,0.8
거위알_삶은것,187,12.7,13.6,1.0
기러기알_생것,193,12.3,13.9,2.4
기러기알_삶은것,212,13.1,14.9,4.0
달걀_생것,136,12.91,8.25,0.79
달걀_분말화한것,376,82.4,0.04,4.47
달걀_삶은것,145,13.49,8.69,1.37
달걀_난백_생것,50,11.46,0.05,0.14
달걀_난백_삶은것,51,11.63,0.01,0.22
달걀_난황_생것,326,15.66,25.18,5.77
달걀_난황_삶은것,379,16.46,32.16,1.37
달걀_유정란_생것,156,10.9,8.4,8.1
달걀_유정란_난백_생것,50,8.5,0.0,3.6
달걀_유정란_난황_생것,333,14.4,20.3,21.7
메추리알_생것,146,12.8,9.02,1.66
메추리알_삶은것,155,12.48,10.12,1.67
메추리알_난백_생것,52,11.77,0.11,0.05
메추리알_난백_삶은것,50,11.35,0.1,0.0
메추리알_난황_생것,296,14.77,23.24,3.74
메추리알_난황_삶은것,360,15.44,30.58,1.39
오리알_생것,171,13.11,11.32,2.03
오리알_삶은것,183,13.39,12.4,2.41
오리알_난백_생것,52,10.78,0.09,1.39
오리알_난백_삶은것,58,11.51,0.08,2.05
오리알_난황_생것,351,16.68,28.48,3.02
오리알_난황_삶은것,375,16.25,31.22,2.97
청둥오리알_생것,178,13.6,12.3,1.0
모유,61,1.1,3.5,7.2
분유,498,13.98,23.93,56.6
분유_전지,509,25.46,27.32,39.07
분유_탈지,358,33.88,0.97,53.16
산양유,62,3.16,3.62,4.03
우유,67,3.09,3.85,4.86
들기름,920,0.0,99.92,0.08
땅콩기름,884,0.0,100.0,0.0
면실유,883,0.0,100.0,0.0
복숭아씨기름,911,0.5,98.9,0.3
쌀겨기름(미강유),921,0.0,99.95,0.05
옥수수기름,919,0.0,99.74,0.17
올리브유,921,0.0,100.0,0.0
유채씨기름,920,0.02,99.85,0.1
잇꽃씨기름,892,0.0,100.0,0.0
참기름,920,0.0,99.84,0.13
코코넛유,918,0.0,99.67,0.33
콩기름,921,0.0,99.96,0.0
팜유,917,0.0,99.56,0.44
해바라기유,919,0.0,99.76,0.2
혼합식물성유,886,0.0,100.0,0.0
포도씨유,920,0.0,99.93,0.01
아마씨유,884,0.11,99.98,0.0
호두유,917,0.0,99.57,0.39
아몬드유,884,0.0,100.0,0.0
아보카도유,917,0.0,99.52,0.48
닭기름,900,0.0,99.8,0.0
돼지기름,915,0.0,99.38,0.58
쇠기름,869,0.2,99.8,0.0
연어기름,902,0.0,100.0,0.0
결명자차_말린것,390,19.07,6.57,63.78
계피차_분말화한것,357,0.0,1.4,89.0
구기자차_말린것,384,14.6,10.7,57.2
구절초차_말린것,345,11.1,1.3,72.1
국화차_말린것,358,14.5,2.3,69.9
녹차_분말화한것,379,22.37,2.47,66.91
녹차_추출,2,0.05,0.0,0.4
녹차_잎_말린것,388,26.66,2.73,64.17
녹차_인동녹차_말린것,329,16.8,1.0,63.3
녹차_장군차_말린것,361,28.0,1.0,59.9
녹차_현미_추출,1,0.02,0.0,0.15
다래나무순차_추출,1,0.1,0.0,0.1
대추차_추출,75,0.12,0.44,17.75
도라지차,22,0.3,,5.1
두충차_분말화한것,354,14.3,3.8,67.9
둥굴레차_추출,1,0.0,0.01,0.27
보리차_추출,0,0.0,0.0,0.07
사과차_추출,167,0.1,0.0,41.6
상지차_말린것,360,6.0,2.4,78.6
쑥차_말린것,338,26.3,0.8,56.4
야콘차_추출,98,0.6,0.0,24.0
오미자차_말린것,371,16.3,7.0,60.8
치커리차_말린것,369,7.3,0.2,84.6
커피_원두_에스프레소_용액,22,0.2,0.22,4.93
커피_원두_커피(아메리카노 2샷)_용액,2,0.02,0.02,0.48
홍차_추출,2,0.23,0.04,0.26
보이차,0,0.12,0.0,0.0
민들레차,0,0.01,0.0,0.05
카모마일차_추출,1,0.0,0.0,0.2
감잎차_추출,0,0.02,0.03,0.0
결명자차_추출,0,0.0,0.0,0.04
구기자차_추출,1,0.0,0.0,0.13
국화차_추출,0,0.0,0.0,0.03
우롱차_추출,0,0.0,0.0,0.07
간장_재래,34,5.92,0.03,2.47
계피_분말화한것,349,3.63,1.15,80.93
고춧가루_분말화한것,319,13.29,8.4,60.62
깨소금_가루_볶은것,638,18.1,56.7,13.7
된장_보리,164,10.9,2.1,25.3
된장_재래,142,13.6,6.89,7.26
산초_가루,302,9.66,4.01,68.57
올스파이스_가루,364,5.6,5.6,75.2
육두구_가루,520,5.7,38.5,47.5
정향_가루,398,7.2,13.6,66.4
칠리_가루,374,15.0,8.2,60.1
타임_가루,342,6.5,5.2,69.8
파프리카_가루,385,15.5,11.6,55.6
후추_검은색_가루,362,12.87,5.0,66.33
후추_흰색_가루,376,10.1,6.4,70.1
골든세이지_말린것,385,1.6,9.3,73.6
라벤다_말린것,330,12.6,8.7,63.3
로즈마리_말린것,331,4.88,15.22,64.06
민트_말린것,294,17.5,6.1,56.2
월계수_잎_말린것,313,7.61,8.36,74.97
코리아타임_말린것,378,1.4,6.2,79.2
고추냉이_분말화한것,299,29.94,3.45,55.1
겨자_분말화한것,413,18.35,22.68,49.97
마늘_가루,349,18.62,0.98,66.44
생강_가루,367,12.55,3.29,71.74
양파_가루,354,8.47,0.8,78.16
파슬리_말린것,298,20.16,3.41,61.59
페퍼민트_생것,70,3.75,0.94,14.89
타라곤_말린것,295,22.77,7.24,50.22
오레가노_말린것,265,9.0,4.28,68.92
레몬그라스(시트로넬라)_생것,99,1.82,0.49,25.31
사프란_말린것,310,11.43,5.85,65.37
뽕잎_가루,299,18.6,2.6,64.8
소금,0,0.0,0.0,0.0
소금_굵은소금,0,0.0,0.0,0.0
소금_천일염_가는소금,24,0.06,0.0,5.99
소금_천일염,20,0.03,0.0,4.95
소금_천일염_굵은소금,16,0.0,0.0,3.91
소금_천일염_소금꽃,21,0.0,0.0,5.3
소금_천일염_토판염,16,0.0,0.0,4.1
소금_프랑스_소금꽃,11,0.0,0.0,2.8
소금_프랑스_토판염,16,0.0,0.0,4.0
대나무_추출,2,0.0,0.1,0.2
메뚜기_성충_생것,125,24.29,2.26,1.86
삼백초_말린것,301,12.1,3.8,67.0
삼백초_잎_말린것,278,12.8,4.1,59.6
삼백초_줄기_말린것,278,4.9,1.5,71.1
솔잎_생것,161,4.5,3.9,32.9
송화_분말화한것,392,11.46,2.95,79.79
인삼_백삼_말린것,316,15.7,0.5,69.8
인삼_수삼_생것,90,4.12,0.76,18.85
인삼_수삼_삶은것,86,3.54,0.69,18.23
인삼_홍삼_말린것,309,13.02,1.24,68.25
인삼_홍삼_추출,15,0.33,0.01,3.32
프로폴리스,642,0.5,50.3,46.9
고로쇠나무_수액,5,0.0,0.02,1.44
누에_유충_분말화한것,482,50.85,26.53,10.06
달팽이_생것,90,16.1,1.4,2.0
번데기(누에)_생것,126,12.62,7.55,1.95
번데기(누에)_말린것,224,22.3,13.3,3.7
솔잎_추출,8,0.1,,2.1
수세미_수액,4,0.8,,0.7
치자꽃_생것,66,1.3,0.1,14.9
귀뚜라미_성충_생것,130,22.45,0.0,3.39
갈색 거저리_유충_생것,195,23.19,11.0,0.83
갈색 거저리_유충_말린것,537,51.39,30.43,14.41
흰점박이 꽃무지_유충_생것,122,15.78,5.2,2.9
흰점박이 꽃무지_유충_말린것,463,54.13,18.52,19.99
장수풍뎅이_유충_말린것,502,44.62,27.21,19.55
팽창제_효모_말린것,307,37.1,6.8,43.1
로열젤리,104,14.29,1.4,12.82
